GVQSR811;BUD;DRT;2020-11-1-8-48;2020-11-1-11-49;50
GTLCF329;DEL;BUD;2020-11-1-18-16;2020-11-1-21-12;4
FKFWO315;OCS;BUD;2020-11-1-7-48;2020-11-1-11-18;21
SUXEH346;DEL;BUD;2020-11-1-3-42;2020-11-1-5-45;10
OOMPU978;BUD;CRD;2020-11-1-11-6;2020-11-1-15-53;4
HRHKG072;BUD;ILO;2020-11-1-0-35;2020-11-1-2-1;55
CYOVW905;BUD;DRT;2020-11-1-16-56;2020-11-1-18-40;10
FPGDT072;ILO;BUD;2020-11-1-15-20;2020-11-1-19-38;1
OASXI794;OCS;BUD;2020-11-1-2-54;2020-11-1-6-12;93
HGCFC096;CRD;BUD;2020-11-1-10-0;2020-11-1-12-44;55
LZLIY602;CRD;BUD;2020-11-1-2-45;2020-11-1-7-14;15
QLCOJ997;ITO;BUD;2020-11-1-11-24;2020-11-1-13-51;117
OBUFO711;NTR;BUD;2020-11-1-16-50;2020-11-1-18-46;22
VQNUQ973;BKV;BUD;2020-11-1-14-49;2020-11-1-18-27;103
TGZVP724;BUD;GFK;2020-11-1-9-2;2020-11-1-12-17;67
FZXIU002;BUD;OCS;2020-11-1-7-49;2020-11-1-10-13;115
TTXWE938;BUD;OCS;2020-11-1-8-0;2020-11-1-10-59;88
CSTDZ313;BUD;ILO;2020-11-1-9-48;2020-11-1-12-25;119
ODEUO118;MAA;BUD;2020-11-1-6-53;2020-11-1-8-8;82
QQGVK029;NTR;BUD;2020-11-1-17-35;2020-11-1-20-35;55
MXJKU373;BUD;BKV;2020-11-1-7-30;2020-11-1-11-29;108
SCXSU384;DRT;BUD;2020-11-2-14-33;2020-11-2-17-19;110
JNQSR132;NTR;BUD;2020-11-2-14-43;2020-11-2-19-44;37
ECNFO576;BUD;OCS;2020-11-2-15-51;2020-11-2-17-42;89
FQYRM682;BUD;ILO;2020-11-2-1-18;2020-11-2-5-21;38
RWXUH184;BUD;ASD;2020-11-2-3-6;2020-11-2-6-23;52
BMMNU421;BUD;DBB;2020-11-2-3-57;2020-11-2-7-1;102
BQVEM351;BUD;OCS;2020-11-2-1-18;2020-11-2-3-40;62
XDZGZ533;BUD;DRT;2020-11-2-12-53;2020-11-2-17-12;51
DEESU056;MAA;BUD;2020-11-2-6-40;2020-11-2-9-8;111
SUPHH144;BUD;ITO;2020-11-2-5-56;2020-11-2-9-27;102
GPCEJ370;BKV;BUD;2020-11-2-12-22;2020-11-2-15-51;118
FCADH474;BUD;MAA;2020-11-2-1-49;2020-11-2-5-3;43
NIJKT743;BKV;BUD;2020-11-2-11-20;2020-11-2-16-2;95
HVHQS979;NTR;BUD;2020-11-2-8-32;2020-11-2-13-24;63
AYTZE307;OCS;BUD;2020-11-2-15-36;2020-11-2-17-0;7
QTSOZ332;CRD;BUD;2020-11-2-13-14;2020-11-2-15-59;8
APQHL167;BUD;BOJ;2020-11-2-8-48;2020-11-2-12-34;30
HIOYG524;MAA;BUD;2020-11-2-7-51;2020-11-2-12-30;33
LHGXW417;BUD;MAA;2020-11-2-4-20;2020-11-2-8-41;17
YXRQD236;BUD;MAA;2020-11-2-2-41;2020-11-2-4-24;118
EFXWW933;BUD;GFK;2020-11-2-6-43;2020-11-2-8-14;14
GCRMH135;BUD;BKV;2020-11-3-5-30;2020-11-3-8-38;40
LDZKN119;DEL;BUD;2020-11-3-11-25;2020-11-3-14-14;101
WXZKV721;DBB;BUD;2020-11-3-14-12;2020-11-3-19-14;108
CFHRG533;BUD;DEL;2020-11-3-3-14;2020-11-3-6-26;82
PPTQU399;BUD;GFK;2020-11-3-4-10;2020-11-3-8-44;59
ULZUU473;BKV;BUD;2020-11-3-4-25;2020-11-3-9-59;47
SMSQR934;OCS;BUD;2020-11-3-8-33;2020-11-3-10-48;116
VBOKA983;BKV;BUD;2020-11-3-18-24;2020-11-3-21-54;61
INMKL452;MAA;BUD;2020-11-3-14-50;2020-11-3-19-0;48
FCUBR638;BOJ;BUD;2020-11-3-0-30;2020-11-3-4-59;97
QJOXW831;DRT;BUD;2020-11-3-2-13;2020-11-3-7-47;6
NNMSV009;ILO;BUD;2020-11-3-5-32;2020-11-3-9-9;3
SFITL003;BUD;DEL;2020-11-3-11-42;2020-11-3-14-0;26
QJYAN143;BUD;BOJ;2020-11-3-1-15;2020-11-3-4-57;55
BWCYU173;BKV;BUD;2020-11-3-15-6;2020-11-3-17-23;40
ILOGJ224;BUD;DBB;2020-11-3-0-15;2020-11-3-4-48;107
YZPKR196;OCS;BUD;2020-11-3-3-9;2020-11-3-5-24;34
NVMJL304;BUD;GFK;2020-11-3-9-8;2020-11-3-13-47;81
DYIFF509;BKV;BUD;2020-11-3-17-11;2020-11-3-21-7;114
FFQIO678;BKV;BUD;2020-11-3-5-24;2020-11-3-10-20;10
UJJVV645;ILO;BUD;2020-11-3-11-33;2020-11-3-15-24;2
DMKPH057;BOJ;BUD;2020-11-4-1-28;2020-11-4-3-30;5
VLRLV040;DBB;BUD;2020-11-4-8-0;2020-11-4-12-25;8
WIYMA120;BUD;DRT;2020-11-4-11-42;2020-11-4-14-41;106
ZXFFC272;ITO;BUD;2020-11-4-10-1;2020-11-4-13-3;7
OWIXI627;BUD;ITO;2020-11-4-2-58;2020-11-4-7-9;74
IYBXS610;BUD;ITO;2020-11-4-9-58;2020-11-4-14-45;70
AAIES185;OCS;BUD;2020-11-4-13-37;2020-11-4-16-55;73
GODAM198;BUD;DEL;2020-11-4-10-35;2020-11-4-13-24;54
IWJTA247;CRD;BUD;2020-11-4-0-34;2020-11-4-5-20;52
QZOEK603;BUD;ITO;2020-11-4-18-35;2020-11-4-23-2;120
KHQFN660;BKV;BUD;2020-11-4-2-21;2020-11-4-5-16;66
PCXFU798;BOJ;BUD;2020-11-4-17-58;2020-11-4-19-44;46
NHVSH951;CRD;BUD;2020-11-4-15-45;2020-11-4-17-48;41
DFFDL972;BUD;DRT;2020-11-4-8-36;2020-11-4-12-28;65
TPUMX018;BUD;ASD;2020-11-4-5-32;2020-11-4-10-18;42
BISBE113;GFK;BUD;2020-11-4-15-7;2020-11-4-18-41;56
OIAOK171;BUD;BOJ;2020-11-4-6-1;2020-11-4-8-14;46
LLLPK587;BUD;GFK;2020-11-4-15-36;2020-11-4-20-45;78
LXTCI367;BUD;DBB;2020-11-4-12-12;2020-11-4-17-28;93
IKLXC451;NTR;BUD;2020-11-4-13-16;2020-11-4-16-7;71
XPSQV709;GFK;BUD;2020-11-4-4-30;2020-11-4-9-15;11
ZHOKO107;DEL;BUD;2020-11-5-1-22;2020-11-5-5-43;2
JRSJL062;BUD;GFK;2020-11-5-1-1;2020-11-5-5-52;4
JAVUJ449;BUD;BKV;2020-11-5-9-13;2020-11-5-14-43;79
MDFVO080;ITO;BUD;2020-11-5-6-48;2020-11-5-8-39;89
RQFUL329;DBB;BUD;2020-11-5-13-30;2020-11-5-15-39;14
KMHLB170;CRD;BUD;2020-11-5-18-2;2020-11-5-23-41;12
EMRZD000;BUD;ASD;2020-11-5-0-35;2020-11-5-5-59;109
JAVPW274;BUD;DRT;2020-11-5-11-59;2020-11-5-16-4;117
CTEHK046;BUD;DEL;2020-11-5-10-22;2020-11-5-15-31;84
PQIDZ140;DBB;BUD;2020-11-5-3-47;2020-11-5-6-23;34
VCGVO905;BUD;DBB;2020-11-5-6-23;2020-11-5-10-32;1
QBYIW901;BUD;ITO;2020-11-5-14-17;2020-11-5-18-3;29
RBZVU643;BKV;BUD;2020-11-5-17-54;2020-11-5-22-37;73
XZLGD188;BUD;BOJ;2020-11-5-3-26;2020-11-5-8-45;27
VQFCD864;BUD;BKV;2020-11-5-7-49;2020-11-5-9-56;77
SICSR027;BUD;DEL;2020-11-5-0-42;2020-11-5-5-59;57
NOONT393;BUD;ASD;2020-11-5-12-36;2020-11-5-16-16;98
QOYBS369;BOJ;BUD;2020-11-5-18-56;2020-11-5-23-17;92
JTZBL019;OCS;BUD;2020-11-5-16-4;2020-11-5-19-29;99
AVRJH283;BKV;BUD;2020-11-5-18-15;2020-11-5-20-47;21
VUXHD445;BUD;BOJ;2020-11-5-17-27;2020-11-5-19-56;89
AQJWQ236;BUD;BKV;2020-11-6-1-40;2020-11-6-5-6;113
ILNEY844;BUD;CRD;2020-11-6-4-47;2020-11-6-9-31;120
LKWVA387;CRD;BUD;2020-11-6-7-28;2020-11-6-9-51;60
SXAGU719;DBB;BUD;2020-11-6-18-43;2020-11-6-22-31;37
NGOBB499;BUD;OCS;2020-11-6-18-1;2020-11-6-22-56;27
ZCNAM844;NTR;BUD;2020-11-6-10-24;2020-11-6-12-2;45
WWNDQ358;OCS;BUD;2020-11-6-17-45;2020-11-6-19-5;13
ORBTJ790;BKV;BUD;2020-11-6-5-33;2020-11-6-10-45;95
ELNRL030;BUD;ASD;2020-11-6-0-26;2020-11-6-5-44;58
POMSR210;ILO;BUD;2020-11-6-8-21;2020-11-6-13-37;95
BTBCD037;BOJ;BUD;2020-11-6-0-50;2020-11-6-2-30;21
GUJAU963;BOJ;BUD;2020-11-6-15-58;2020-11-6-18-57;74
YKETN812;MAA;BUD;2020-11-6-4-38;2020-11-6-6-19;3
BDNOY264;NTR;BUD;2020-11-6-13-52;2020-11-6-16-44;79
IGEAE901;BUD;ILO;2020-11-6-4-17;2020-11-6-8-26;74
LULFW828;CRD;BUD;2020-11-6-9-20;2020-11-6-11-20;50
UUCGH837;BUD;NTR;2020-11-6-16-38;2020-11-6-19-27;82
MDLEZ168;BUD;DBB;2020-11-6-12-25;2020-11-6-17-30;115
XWVKO376;BUD;ASD;2020-11-6-14-22;2020-11-6-18-16;14
MBIGF763;NTR;BUD;2020-11-6-9-49;2020-11-6-13-37;61
JPHVR949;BUD;OCS;2020-11-6-16-29;2020-11-6-18-50;106
MUUYG273;BUD;MAA;2020-11-7-14-34;2020-11-7-18-58;105
TWUFY923;BUD;BOJ;2020-11-7-7-52;2020-11-7-12-30;39
LOGML017;OCS;BUD;2020-11-7-15-8;2020-11-7-17-32;25
SUUSM116;BUD;DRT;2020-11-7-17-2;2020-11-7-20-5;87
LRUGW549;BUD;GFK;2020-11-7-12-26;2020-11-7-14-19;72
XSUCQ138;BUD;BKV;2020-11-7-0-7;2020-11-7-5-33;8
JFNZM169;ASD;BUD;2020-11-7-17-17;2020-11-7-21-40;100
MCTLH952;ASD;BUD;2020-11-7-1-43;2020-11-7-3-3;100
RQNAO069;GFK;BUD;2020-11-7-16-20;2020-11-7-19-3;19
YVJFV083;BUD;ITO;2020-11-7-18-34;2020-11-7-23-21;65
ISCCH015;GFK;BUD;2020-11-7-0-41;2020-11-7-5-10;99
YZNNM928;BUD;OCS;2020-11-7-15-47;2020-11-7-17-6;36
QKVIE585;MAA;BUD;2020-11-7-14-17;2020-11-7-17-13;3
UBIFU467;BUD;ILO;2020-11-7-16-25;2020-11-7-18-50;82
ZWBZR878;BUD;BOJ;2020-11-7-9-44;2020-11-7-14-48;52
KHEXD004;BOJ;BUD;2020-11-7-11-5;2020-11-7-16-39;80
LOOAK377;CRD;BUD;2020-11-7-13-18;2020-11-7-16-49;19
IKQNT192;GFK;BUD;2020-11-7-2-26;2020-11-7-5-48;18
XNZEH896;CRD;BUD;2020-11-7-18-15;2020-11-7-20-2;92
XFVGT178;BUD;GFK;2020-11-7-14-47;2020-11-7-16-20;72
WBGMF628;ASD;BUD;2020-11-7-4-39;2020-11-7-7-25;31
OBRXE511;BUD;CRD;2020-11-8-0-50;2020-11-8-3-29;51
ZUDZQ153;ASD;BUD;2020-11-8-15-43;2020-11-8-19-36;38
DRMGY772;BOJ;BUD;2020-11-8-12-54;2020-11-8-16-35;102
FIZRC598;BOJ;BUD;2020-11-8-13-50;2020-11-8-16-18;111
LAIQS480;BUD;GFK;2020-11-8-13-40;2020-11-8-17-49;100
TIXBS884;CRD;BUD;2020-11-8-13-23;2020-11-8-18-54;81
YIQCD082;ILO;BUD;2020-11-8-13-43;2020-11-8-18-3;20
XYRGB415;MAA;BUD;2020-11-8-0-50;2020-11-8-4-56;95
XHWVD243;DRT;BUD;2020-11-8-18-17;2020-11-8-23-58;74
ZIAIE691;ASD;BUD;2020-11-8-1-40;2020-11-8-3-17;31
JYWVP457;BUD;MAA;2020-11-8-8-17;2020-11-8-11-50;109
FOPVZ645;BUD;BOJ;2020-11-8-4-40;2020-11-8-9-26;69
IUSSL871;OCS;BUD;2020-11-8-6-24;2020-11-8-9-50;71
PJLSK785;BUD;BKV;2020-11-8-4-11;2020-11-8-6-49;50
HEDPN683;BUD;BKV;2020-11-8-5-11;2020-11-8-10-53;110
TUNKP150;BUD;CRD;2020-11-8-7-41;2020-11-8-11-50;81
EYOJI758;OCS;BUD;2020-11-8-11-27;2020-11-8-14-3;32
JECOX882;DEL;BUD;2020-11-8-2-42;2020-11-8-7-39;69
JPEDI480;BKV;BUD;2020-11-8-4-56;2020-11-8-8-43;69
NIFQR105;BUD;DEL;2020-11-8-12-14;2020-11-8-16-47;77
QYNNX167;DRT;BUD;2020-11-8-14-31;2020-11-8-17-30;32
LVEZI951;BKV;BUD;2020-11-9-8-26;2020-11-9-12-23;96
XWZZQ186;BUD;ITO;2020-11-9-10-14;2020-11-9-13-39;52
LPSSQ421;BUD;CRD;2020-11-9-7-21;2020-11-9-12-19;45
FIFSP562;DRT;BUD;2020-11-9-6-9;2020-11-9-8-2;72
DNPXF592;BUD;BOJ;2020-11-9-4-43;2020-11-9-8-26;85
DZACI350;DRT;BUD;2020-11-9-6-14;2020-11-9-10-7;4
QWMDS003;BUD;DEL;2020-11-9-4-25;2020-11-9-9-44;34
JGDOO304;BUD;CRD;2020-11-9-11-11;2020-11-9-13-24;50
LQTHT635;DEL;BUD;2020-11-9-1-58;2020-11-9-3-59;6
ISPZE399;GFK;BUD;2020-11-9-17-39;2020-11-9-20-3;65
SZUBZ173;ITO;BUD;2020-11-9-9-57;2020-11-9-13-1;9
EQGZZ713;ASD;BUD;2020-11-9-10-26;2020-11-9-14-15;51
YECBM088;ASD;BUD;2020-11-9-13-11;2020-11-9-15-25;46
ZTZZY542;BUD;ASD;2020-11-9-11-20;2020-11-9-13-4;67
NJMZS915;BUD;NTR;2020-11-9-13-38;2020-11-9-15-34;87
BZBCA928;DRT;BUD;2020-11-9-6-51;2020-11-9-9-34;68
TNHJL616;ILO;BUD;2020-11-9-1-9;2020-11-9-3-14;59
LFSJQ589;ITO;BUD;2020-11-9-14-22;2020-11-9-19-27;40
SLKKC079;BUD;DRT;2020-11-9-13-52;2020-11-9-17-21;97
YQALD878;BUD;MAA;2020-11-9-15-20;2020-11-9-20-27;92
CDLTJ958;BUD;ASD;2020-11-9-14-44;2020-11-9-16-14;67
RSIRW472;BUD;CRD;2020-11-10-18-47;2020-11-10-22-42;88
IAPVR490;BUD;DRT;2020-11-10-17-4;2020-11-10-22-16;9
YMMYD993;BUD;OCS;2020-11-10-17-47;2020-11-10-19-19;46
GDRUZ233;NTR;BUD;2020-11-10-11-34;2020-11-10-13-30;79
UOBHS799;DRT;BUD;2020-11-10-4-2;2020-11-10-9-59;91
YJUOZ069;BUD;DEL;2020-11-10-4-39;2020-11-10-9-41;11
PDIUH794;BKV;BUD;2020-11-10-8-23;2020-11-10-11-21;23
DTXPM933;BUD;BOJ;2020-11-10-1-45;2020-11-10-4-42;119
DGWZH802;BUD;DBB;2020-11-10-4-40;2020-11-10-9-58;6
VLAYR759;BUD;GFK;2020-11-10-14-14;2020-11-10-17-10;61
LZXZG135;BUD;DEL;2020-11-10-4-8;2020-11-10-6-51;114
OVUPV984;BUD;OCS;2020-11-10-15-31;2020-11-10-18-34;77
JUNSC777;OCS;BUD;2020-11-10-17-45;2020-11-10-20-26;60
TIKTV675;MAA;BUD;2020-11-10-5-46;2020-11-10-9-6;97
DXPKT191;DEL;BUD;2020-11-10-15-46;2020-11-10-20-55;112
LGSXA607;MAA;BUD;2020-11-10-16-41;2020-11-10-19-27;48
KODGZ221;GFK;BUD;2020-11-10-8-36;2020-11-10-10-57;37
ADPLY616;BUD;ILO;2020-11-10-1-3;2020-11-10-5-8;18
FDBYS240;BOJ;BUD;2020-11-10-14-38;2020-11-10-19-38;115
JONGG283;BKV;BUD;2020-11-10-8-1;2020-11-10-10-50;62
BSNMR525;ILO;BUD;2020-11-10-2-15;2020-11-10-4-19;55
RGLPB107;DRT;BUD;2020-11-11-10-50;2020-11-11-15-23;92
DDUGR403;ITO;BUD;2020-11-11-7-52;2020-11-11-11-39;83
YJVPT904;CRD;BUD;2020-11-11-12-12;2020-11-11-15-22;26
IBEMV292;BUD;BOJ;2020-11-11-1-52;2020-11-11-5-19;99
LOMVW388;BUD;DRT;2020-11-11-1-45;2020-11-11-6-52;110
FJDYX128;MAA;BUD;2020-11-11-4-7;2020-11-11-7-47;102
YPBMG512;DBB;BUD;2020-11-11-2-11;2020-11-11-4-9;72
KSPRU160;BUD;CRD;2020-11-11-5-49;2020-11-11-9-47;84
FHSGV298;DEL;BUD;2020-11-11-17-7;2020-11-11-20-51;18
ZXAQN077;NTR;BUD;2020-11-11-16-20;2020-11-11-21-8;86
JZQUP341;BUD;DRT;2020-11-11-7-51;2020-11-11-11-42;87
JIBHL282;CRD;BUD;2020-11-11-5-0;2020-11-11-10-42;21
WBOMC027;BUD;CRD;2020-11-11-17-42;2020-11-11-19-3;82
UMQSI500;BOJ;BUD;2020-11-11-17-53;2020-11-11-20-15;37
NFAWY401;BUD;ITO;2020-11-11-1-37;2020-11-11-5-52;24
VABOO208;BUD;BOJ;2020-11-11-9-14;2020-11-11-11-57;91
XVFET260;MAA;BUD;2020-11-11-18-46;2020-11-11-20-16;16
SMRIE354;ILO;BUD;2020-11-11-6-35;2020-11-11-11-19;112
ZKTCN572;BUD;GFK;2020-11-11-11-12;2020-11-11-14-1;10
TPGWC554;ASD;BUD;2020-11-11-0-59;2020-11-11-3-23;34
WYXYP205;BUD;DBB;2020-11-11-14-35;2020-11-11-19-43;34
JJTKX419;ASD;BUD;2020-11-12-6-59;2020-11-12-10-30;55
DSOSY645;BOJ;BUD;2020-11-12-5-56;2020-11-12-7-16;5
VYCUN868;MAA;BUD;2020-11-12-1-42;2020-11-12-6-30;4
UCMDI611;BUD;NTR;2020-11-12-1-50;2020-11-12-5-26;90
QHKYQ853;BUD;DBB;2020-11-12-14-3;2020-11-12-19-39;102
FLYQK279;CRD;BUD;2020-11-12-4-59;2020-11-12-6-10;48
PWGND432;BOJ;BUD;2020-11-12-18-13;2020-11-12-20-3;111
BMQOE558;BUD;DBB;2020-11-12-2-36;2020-11-12-5-8;28
RKPAP442;BUD;ASD;2020-11-12-4-3;2020-11-12-9-52;19
PNYLC832;BUD;DEL;2020-11-12-13-11;2020-11-12-17-17;60
SPHPF986;BUD;CRD;2020-11-12-15-9;2020-11-12-19-45;17
UZMWB629;BUD;NTR;2020-11-12-4-8;2020-11-12-6-20;18
JTGDX499;MAA;BUD;2020-11-12-12-22;2020-11-12-14-25;30
YPNHK127;ITO;BUD;2020-11-12-1-19;2020-11-12-5-21;2
XFORO814;BUD;CRD;2020-11-12-12-40;2020-11-12-17-48;64
JDBMD031;BOJ;BUD;2020-11-12-17-12;2020-11-12-20-52;99
BZXRA397;ITO;BUD;2020-11-12-1-10;2020-11-12-4-39;2
OCGQB925;BUD;CRD;2020-11-12-7-36;2020-11-12-9-53;120
XVSCT301;BUD;DBB;2020-11-12-5-36;2020-11-12-7-10;76
NWNCL642;BUD;DRT;2020-11-12-7-34;2020-11-12-9-16;98
HTKMQ953;NTR;BUD;2020-11-12-3-57;2020-11-12-7-18;31
SUVPI312;BUD;BOJ;2020-11-13-14-51;2020-11-13-18-26;65
TEFED711;DEL;BUD;2020-11-13-16-40;2020-11-13-20-15;6
SRMWS070;BUD;DBB;2020-11-13-15-51;2020-11-13-19-12;8
HYYED636;BUD;BOJ;2020-11-13-17-27;2020-11-13-22-45;26
XSCLS402;BUD;ITO;2020-11-13-18-38;2020-11-13-22-52;55
NMWRN421;GFK;BUD;2020-11-13-0-47;2020-11-13-3-59;28
INZTD673;BUD;GFK;2020-11-13-4-16;2020-11-13-9-47;2
YTYMP037;BUD;DBB;2020-11-13-3-25;2020-11-13-6-12;103
VXBKM565;DRT;BUD;2020-11-13-9-49;2020-11-13-12-6;36
BARZS841;BUD;BKV;2020-11-13-9-29;2020-11-13-12-50;87
OGZQJ020;BUD;BOJ;2020-11-13-1-33;2020-11-13-4-48;1
EDMSU732;ILO;BUD;2020-11-13-17-53;2020-11-13-20-55;40
SPJRB903;BUD;ILO;2020-11-13-7-48;2020-11-13-11-53;2
AFCSL676;GFK;BUD;2020-11-13-4-50;2020-11-13-8-19;22
EZTSJ123;BUD;ITO;2020-11-13-18-43;2020-11-13-21-27;62
LNQHA910;ITO;BUD;2020-11-13-13-27;2020-11-13-15-2;33
TXTKH649;BUD;BOJ;2020-11-13-4-30;2020-11-13-6-14;56
IGJNS224;BUD;CRD;2020-11-13-6-50;2020-11-13-11-59;45
EBGHR430;BUD;NTR;2020-11-13-12-32;2020-11-13-15-35;65
IRLHU351;DRT;BUD;2020-11-13-9-26;2020-11-13-12-6;89
USPTW395;DEL;BUD;2020-11-13-12-11;2020-11-13-16-17;104
FOEUR209;BOJ;BUD;2020-11-14-13-31;2020-11-14-17-49;83
ZXJBT508;BUD;BOJ;2020-11-14-17-56;2020-11-14-21-34;44
QUXZN407;BUD;CRD;2020-11-14-0-40;2020-11-14-3-23;22
XRMET897;DBB;BUD;2020-11-14-17-58;2020-11-14-21-1;0
EGZDC178;CRD;BUD;2020-11-14-0-49;2020-11-14-3-50;63
QBDSQ365;GFK;BUD;2020-11-14-17-44;2020-11-14-22-48;8
DJTTD832;BUD;ASD;2020-11-14-7-54;2020-11-14-12-5;38
AYQCW577;BUD;MAA;2020-11-14-3-19;2020-11-14-6-34;69
IDYDA870;ITO;BUD;2020-11-14-17-22;2020-11-14-22-55;4
DRXTO841;DBB;BUD;2020-11-14-1-34;2020-11-14-4-36;2
XMBDN611;BUD;BKV;2020-11-14-13-40;2020-11-14-16-7;52
CLQZH838;OCS;BUD;2020-11-14-16-48;2020-11-14-21-50;55
TJMBH275;BOJ;BUD;2020-11-14-11-44;2020-11-14-15-59;75
ZRXWK839;GFK;BUD;2020-11-14-11-6;2020-11-14-15-57;74
TPKXY876;BUD;GFK;2020-11-14-14-43;2020-11-14-17-45;65
HFOJW816;BUD;DEL;2020-11-14-1-7;2020-11-14-3-37;26
AUBUY028;BUD;OCS;2020-11-14-4-23;2020-11-14-9-15;83
PCLUT534;BUD;DEL;2020-11-14-4-5;2020-11-14-7-22;52
WWTCO144;BUD;BKV;2020-11-14-15-20;2020-11-14-19-3;20
NSHTH978;BUD;ASD;2020-11-14-7-43;2020-11-14-11-29;112
EOUQK721;BUD;NTR;2020-11-14-8-2;2020-11-14-10-37;37
BOEBX590;BUD;GFK;2020-11-15-7-47;2020-11-15-10-54;49
FDPJG915;BUD;BKV;2020-11-15-13-39;2020-11-15-15-52;37
APZVX201;CRD;BUD;2020-11-15-2-43;2020-11-15-4-33;79
ZRWJU645;BUD;GFK;2020-11-15-16-54;2020-11-15-19-19;57
URPIW857;BUD;OCS;2020-11-15-2-7;2020-11-15-7-19;25
DHOZF019;BUD;OCS;2020-11-15-18-53;2020-11-15-22-53;108
KXVPS231;DBB;BUD;2020-11-15-9-35;2020-11-15-13-28;54
SGUUQ854;GFK;BUD;2020-11-15-10-19;2020-11-15-14-32;29
ZAJFB097;BUD;OCS;2020-11-15-8-5;2020-11-15-13-46;52
RGHQI017;BUD;DEL;2020-11-15-5-34;2020-11-15-10-14;42
DPNVK923;BUD;CRD;2020-11-15-8-25;2020-11-15-10-6;13
BIXIZ718;BUD;ILO;2020-11-15-13-39;2020-11-15-17-44;119
LIFWE820;BUD;BOJ;2020-11-15-15-58;2020-11-15-17-21;16
NDZQN112;BUD;DBB;2020-11-15-11-35;2020-11-15-16-38;83
YTOCV367;BUD;GFK;2020-11-15-5-5;2020-11-15-10-30;2
UBIZB316;ASD;BUD;2020-11-15-18-2;2020-11-15-22-4;48
LZLZB466;BUD;DEL;2020-11-15-7-45;2020-11-15-12-28;35
GLXRZ199;NTR;BUD;2020-11-15-16-48;2020-11-15-18-21;81
HNJCG066;BUD;CRD;2020-11-15-1-16;2020-11-15-3-20;2
ALITG888;BUD;BKV;2020-11-15-8-21;2020-11-15-11-8;33
ZEZUT736;BUD;DEL;2020-11-15-15-54;2020-11-15-17-12;76
YDQOX868;DEL;BUD;2020-11-16-2-34;2020-11-16-4-38;61
ZSRHR233;BUD;ILO;2020-11-16-3-19;2020-11-16-6-35;65
DHNLX875;BUD;BKV;2020-11-16-7-42;2020-11-16-10-52;59
LHSTS109;BUD;ILO;2020-11-16-11-23;2020-11-16-13-23;22
NFLPL150;GFK;BUD;2020-11-16-18-17;2020-11-16-20-56;40
FGJFF593;GFK;BUD;2020-11-16-17-30;2020-11-16-20-46;92
YKNRL158;ASD;BUD;2020-11-16-15-2;2020-11-16-19-0;16
XCAOL196;BUD;CRD;2020-11-16-0-25;2020-11-16-4-30;116
QEQPA286;CRD;BUD;2020-11-16-9-50;2020-11-16-12-10;42
XHBII653;BUD;OCS;2020-11-16-16-31;2020-11-16-19-23;120
IHYAL166;DRT;BUD;2020-11-16-2-45;2020-11-16-4-53;91
QVWRB004;DEL;BUD;2020-11-16-7-30;2020-11-16-11-58;40
SAFLS264;BUD;ASD;2020-11-16-1-1;2020-11-16-5-29;82
UEAHS754;GFK;BUD;2020-11-16-2-17;2020-11-16-4-13;35
JOCUG330;ILO;BUD;2020-11-16-8-27;2020-11-16-10-17;45
VWVWZ431;GFK;BUD;2020-11-16-5-32;2020-11-16-9-30;1
APICD406;ITO;BUD;2020-11-16-5-39;2020-11-16-8-32;98
COHTU459;BKV;BUD;2020-11-16-0-11;2020-11-16-4-31;40
PLNUZ139;BUD;DEL;2020-11-16-9-0;2020-11-16-13-5;50
WILZG275;ITO;BUD;2020-11-16-4-22;2020-11-16-6-31;55
AKXDM027;BUD;ASD;2020-11-16-6-11;2020-11-16-9-23;107
OIBDE997;BUD;ITO;2020-11-17-4-11;2020-11-17-9-45;35
YPNRM581;BUD;OCS;2020-11-17-13-9;2020-11-17-17-48;48
GHZSW897;BUD;ITO;2020-11-17-14-29;2020-11-17-16-11;52
MOKPF916;GFK;BUD;2020-11-17-1-53;2020-11-17-4-32;9
CNUEW395;BUD;DRT;2020-11-17-0-36;2020-11-17-2-1;69
AXEZV327;BUD;ITO;2020-11-17-11-50;2020-11-17-15-34;101
KUWUP224;BUD;ITO;2020-11-17-10-30;2020-11-17-15-31;91
OLFMG554;BUD;MAA;2020-11-17-9-2;2020-11-17-11-26;102
NFWUC919;BUD;ITO;2020-11-17-15-16;2020-11-17-17-20;84
YBOIM275;BUD;NTR;2020-11-17-14-18;2020-11-17-19-20;14
WZDPT405;BUD;BOJ;2020-11-17-4-6;2020-11-17-9-8;36
JKLAA835;CRD;BUD;2020-11-17-13-38;2020-11-17-18-55;43
XFOGU390;BOJ;BUD;2020-11-17-6-43;2020-11-17-9-0;23
VBROK940;MAA;BUD;2020-11-17-11-4;2020-11-17-16-58;116
KCUST316;CRD;BUD;2020-11-17-2-59;2020-11-17-6-50;95
AQCIY708;DRT;BUD;2020-11-17-13-45;2020-11-17-18-39;102
LIQHZ934;MAA;BUD;2020-11-17-3-28;2020-11-17-7-2;16
MUGWI452;BUD;DEL;2020-11-17-11-4;2020-11-17-14-50;20
NDCEI843;BUD;ILO;2020-11-17-16-0;2020-11-17-20-54;10
HVNMU276;BUD;ITO;2020-11-17-2-23;2020-11-17-7-26;119
JBXQT764;BKV;BUD;2020-11-17-13-28;2020-11-17-18-33;48
QITYR058;BUD;GFK;2020-11-18-13-18;2020-11-18-17-8;59
MMANS870;BUD;GFK;2020-11-18-0-47;2020-11-18-5-46;35
VHVRY210;BKV;BUD;2020-11-18-13-44;2020-11-18-17-43;4
FYLCX017;BUD;OCS;2020-11-18-6-35;2020-11-18-8-27;78
OMUQB741;BUD;MAA;2020-11-18-8-24;2020-11-18-12-4;48
TLRPI489;BUD;BKV;2020-11-18-9-14;2020-11-18-14-37;96
KMPED992;BUD;OCS;2020-11-18-0-0;2020-11-18-3-4;111
TTKKN929;BUD;ITO;2020-11-18-9-56;2020-11-18-13-33;2
MNTTD887;BOJ;BUD;2020-11-18-4-37;2020-11-18-8-46;68
AXAYT405;BUD;BOJ;2020-11-18-6-42;2020-11-18-9-31;51
LQGZJ859;BUD;DEL;2020-11-18-10-6;2020-11-18-13-6;44
XALYA823;BUD;BKV;2020-11-18-15-22;2020-11-18-18-57;20
BOOUA435;ILO;BUD;2020-11-18-9-37;2020-11-18-13-14;109
ISRBL468;OCS;BUD;2020-11-18-11-45;2020-11-18-13-6;69
BTAOG475;BUD;BKV;2020-11-18-15-19;2020-11-18-17-3;68
FGMWJ744;BOJ;BUD;2020-11-18-5-39;2020-11-18-10-13;105
FYYOO567;DRT;BUD;2020-11-18-13-17;2020-11-18-16-36;57
UBTGY256;BUD;BKV;2020-11-18-10-38;2020-11-18-14-41;55
RBRLL721;OCS;BUD;2020-11-18-15-11;2020-11-18-19-42;47
SQSHL865;BUD;MAA;2020-11-18-15-33;2020-11-18-17-59;85
TZJUG992;BUD;DBB;2020-11-18-15-48;2020-11-18-20-20;65
MYINC970;ILO;BUD;2020-11-19-11-9;2020-11-19-16-9;15
SALRU157;DRT;BUD;2020-11-19-7-14;2020-11-19-10-4;93
CGMMO367;MAA;BUD;2020-11-19-0-21;2020-11-19-3-48;31
KJHUU631;ASD;BUD;2020-11-19-0-45;2020-11-19-5-5;37
ZNJUQ450;DBB;BUD;2020-11-19-15-22;2020-11-19-18-56;24
VHPRL215;ITO;BUD;2020-11-19-10-41;2020-11-19-14-44;15
IQWEK584;ASD;BUD;2020-11-19-2-21;2020-11-19-4-32;67
DQNRB113;BUD;CRD;2020-11-19-0-27;2020-11-19-5-46;18
HQAUS791;DRT;BUD;2020-11-19-10-25;2020-11-19-14-54;118
KEKOE255;BUD;ASD;2020-11-19-11-45;2020-11-19-13-51;117
IKREC699;BKV;BUD;2020-11-19-15-35;2020-11-19-18-34;82
DGUWY028;BUD;CRD;2020-11-19-12-24;2020-11-19-16-28;119
YORVS662;BUD;BKV;2020-11-19-1-43;2020-11-19-3-25;79
GTJJW973;BUD;ASD;2020-11-19-1-55;2020-11-19-6-1;54
NLDZT807;BUD;ILO;2020-11-19-1-8;2020-11-19-4-41;114
CYPSX374;BUD;BOJ;2020-11-19-3-36;2020-11-19-8-58;75
CXVWF312;CRD;BUD;2020-11-19-17-32;2020-11-19-22-3;50
HBYSC213;DEL;BUD;2020-11-19-15-24;2020-11-19-17-10;69
ADWJH448;BUD;ITO;2020-11-19-6-57;2020-11-19-8-34;22
HVNJK861;BUD;NTR;2020-11-19-14-45;2020-11-19-19-58;43
XXFIC010;BUD;BOJ;2020-11-19-11-15;2020-11-19-13-36;42
NFBZQ549;BUD;GFK;2020-11-20-17-24;2020-11-20-20-52;65
GLRQK779;BUD;ASD;2020-11-20-1-5;2020-11-20-4-22;18
FVIRJ823;DBB;BUD;2020-11-20-0-19;2020-11-20-2-19;91
UJYCD911;ITO;BUD;2020-11-20-5-2;2020-11-20-7-7;17
CIXRW792;DEL;BUD;2020-11-20-11-35;2020-11-20-13-5;62
LONWD770;CRD;BUD;2020-11-20-11-27;2020-11-20-13-16;82
FMTHS444;BUD;DBB;2020-11-20-16-58;2020-11-20-19-38;44
HHHAB211;ILO;BUD;2020-11-20-12-5;2020-11-20-17-28;95
GWMGO021;BUD;DRT;2020-11-20-7-27;2020-11-20-12-16;43
PCZMV311;DRT;BUD;2020-11-20-5-49;2020-11-20-10-55;51
PAFAA979;MAA;BUD;2020-11-20-14-11;2020-11-20-17-59;33
UKVAI940;CRD;BUD;2020-11-20-12-41;2020-11-20-17-0;56
HWBYG317;BUD;ASD;2020-11-20-8-28;2020-11-20-11-27;46
DBJHL737;BUD;MAA;2020-11-20-18-12;2020-11-20-21-30;12
JWCWN731;BUD;OCS;2020-11-20-7-37;2020-11-20-9-4;96
EQJKJ094;ITO;BUD;2020-11-20-10-54;2020-11-20-13-57;117
JWERA744;ILO;BUD;2020-11-20-11-36;2020-11-20-16-3;7
IKCTE757;BUD;NTR;2020-11-20-10-3;2020-11-20-13-44;80
MBXVK716;BUD;MAA;2020-11-20-10-27;2020-11-20-14-53;43
VZUOE837;MAA;BUD;2020-11-20-15-2;2020-11-20-20-26;28
EKAUC338;ILO;BUD;2020-11-20-18-19;2020-11-20-22-56;50
RDRQH444;CRD;BUD;2020-11-21-7-21;2020-11-21-9-51;3
CXWCH878;BUD;ASD;2020-11-21-2-13;2020-11-21-5-47;86
DYNPE129;BUD;NTR;2020-11-21-3-4;2020-11-21-8-13;26
GVGSD580;ASD;BUD;2020-11-21-18-18;2020-11-21-20-50;13
GQZQC857;BUD;ASD;2020-11-21-2-46;2020-11-21-6-51;0
LVWGC834;BUD;OCS;2020-11-21-7-50;2020-11-21-11-11;47
ZAHBX232;BUD;DEL;2020-11-21-7-1;2020-11-21-12-34;70
WQREP535;BUD;BKV;2020-11-21-11-51;2020-11-21-15-36;93
UTYBL675;BUD;DBB;2020-11-21-5-29;2020-11-21-7-56;79
CIJDJ171;BUD;DRT;2020-11-21-3-52;2020-11-21-7-37;65
PTQUW575;BKV;BUD;2020-11-21-5-33;2020-11-21-7-24;8
JVTSC426;BUD;DRT;2020-11-21-18-20;2020-11-21-22-49;92
BQDRB198;BUD;DBB;2020-11-21-14-25;2020-11-21-18-16;115
ESAYX226;BUD;GFK;2020-11-21-15-50;2020-11-21-20-27;6
BCVRD651;BUD;ASD;2020-11-21-13-27;2020-11-21-18-31;16
ZSPIE805;BUD;DRT;2020-11-21-16-18;2020-11-21-20-13;110
JYVTA330;BUD;CRD;2020-11-21-0-21;2020-11-21-5-33;96
QKTLW805;BUD;ITO;2020-11-21-18-45;2020-11-21-22-59;22
QYYRO225;BUD;ILO;2020-11-21-6-48;2020-11-21-8-19;4
RIQYL504;BUD;BOJ;2020-11-21-16-28;2020-11-21-19-13;20
WSLXY909;BUD;BOJ;2020-11-21-1-52;2020-11-21-4-47;11
LQIAH333;BUD;ASD;2020-11-22-16-50;2020-11-22-21-48;92
CFPKN296;BUD;DRT;2020-11-22-18-41;2020-11-22-21-12;117
ZLEXT112;DRT;BUD;2020-11-22-4-30;2020-11-22-7-7;17
KJJMQ754;BUD;ITO;2020-11-22-0-42;2020-11-22-3-19;113
UJVSY210;DBB;BUD;2020-11-22-8-33;2020-11-22-10-6;113
RMOPK472;CRD;BUD;2020-11-22-16-40;2020-11-22-19-23;47
BMADA282;BOJ;BUD;2020-11-22-10-36;2020-11-22-13-28;14
WAPDX394;CRD;BUD;2020-11-22-17-38;2020-11-22-20-24;28
LDEGQ084;BUD;DEL;2020-11-22-3-22;2020-11-22-7-44;62
TGYOL603;DBB;BUD;2020-11-22-2-42;2020-11-22-5-11;11
SJJTT656;MAA;BUD;2020-11-22-16-33;2020-11-22-20-3;62
PVXEG456;BUD;MAA;2020-11-22-8-44;2020-11-22-13-23;42
RJKLN098;DRT;BUD;2020-11-22-17-7;2020-11-22-19-5;35
HHLGL088;MAA;BUD;2020-11-22-4-19;2020-11-22-8-34;42
CYQVY139;DBB;BUD;2020-11-22-9-37;2020-11-22-14-34;70
HDUQA667;BUD;GFK;2020-11-22-6-15;2020-11-22-11-47;32
IDMAO556;BUD;ASD;2020-11-22-1-47;2020-11-22-3-20;80
SBEFR140;ITO;BUD;2020-11-22-11-37;2020-11-22-15-33;78
WCOZU962;ITO;BUD;2020-11-22-10-54;2020-11-22-13-2;73
XBPTW523;BUD;DEL;2020-11-22-18-16;2020-11-22-20-52;5
RXSWG804;BOJ;BUD;2020-11-22-10-20;2020-11-22-15-3;96
EGOPU240;BKV;BUD;2020-11-23-10-4;2020-11-23-15-34;14
UQWQC572;BUD;GFK;2020-11-23-14-2;2020-11-23-18-24;100
HHJTM169;BUD;DEL;2020-11-23-8-32;2020-11-23-13-19;19
RSUSZ075;GFK;BUD;2020-11-23-1-0;2020-11-23-3-48;16
SKQAK149;BUD;DEL;2020-11-23-16-54;2020-11-23-21-30;4
JYEZJ193;BUD;GFK;2020-11-23-15-36;2020-11-23-17-32;103
OZDBN513;CRD;BUD;2020-11-23-13-7;2020-11-23-16-27;20
AZNPB128;CRD;BUD;2020-11-23-13-27;2020-11-23-15-1;74
GELAR898;BKV;BUD;2020-11-23-8-2;2020-11-23-11-0;17
TMVUO299;ASD;BUD;2020-11-23-15-46;2020-11-23-19-12;42
EBPNK551;BUD;BKV;2020-11-23-0-19;2020-11-23-2-40;76
NWDWI775;BUD;ILO;2020-11-23-7-25;2020-11-23-10-42;110
EEVEB645;DRT;BUD;2020-11-23-11-16;2020-11-23-14-59;44
ZIXVI467;BUD;GFK;2020-11-23-12-33;2020-11-23-14-24;59
ATCVX815;BKV;BUD;2020-11-23-6-9;2020-11-23-11-29;37
NNYTN546;BUD;BKV;2020-11-23-16-14;2020-11-23-18-18;52
WSVDN080;BUD;NTR;2020-11-23-12-42;2020-11-23-14-0;38
QTOUZ641;BUD;CRD;2020-11-23-13-57;2020-11-23-17-44;8
BNDVL656;OCS;BUD;2020-11-23-0-7;2020-11-23-4-58;32
KIICE875;BUD;CRD;2020-11-23-16-38;2020-11-23-21-28;46
WDYOT114;BUD;DEL;2020-11-23-14-37;2020-11-23-18-43;21
UMTAQ819;BUD;OCS;2020-11-24-10-24;2020-11-24-12-20;114
YTGQG894;BUD;ASD;2020-11-24-2-9;2020-11-24-5-57;115
MNMBN999;DBB;BUD;2020-11-24-11-23;2020-11-24-16-11;115
XMGSB723;ILO;BUD;2020-11-24-17-56;2020-11-24-20-23;115
MCLRW661;BUD;ILO;2020-11-24-11-26;2020-11-24-13-21;59
HPEAT446;BUD;ITO;2020-11-24-2-10;2020-11-24-4-14;5
AIZGO241;MAA;BUD;2020-11-24-16-37;2020-11-24-18-38;2
QWSFC443;BUD;BOJ;2020-11-24-16-25;2020-11-24-18-29;103
VMHCW965;BUD;CRD;2020-11-24-7-57;2020-11-24-9-48;113
WKHKH405;CRD;BUD;2020-11-24-4-57;2020-11-24-8-18;22
JRPZN974;DRT;BUD;2020-11-24-12-29;2020-11-24-14-31;69
DFAJM195;BUD;BOJ;2020-11-24-10-24;2020-11-24-15-26;95
CJYTG811;BUD;NTR;2020-11-24-12-10;2020-11-24-14-48;9
FMWRN434;BUD;ILO;2020-11-24-17-4;2020-11-24-21-18;12
ZFFEX585;BUD;BOJ;2020-11-24-13-26;2020-11-24-17-47;83
MUDKH208;DRT;BUD;2020-11-24-13-24;2020-11-24-16-30;15
IVNWX959;DBB;BUD;2020-11-24-3-2;2020-11-24-5-54;104
BLXKG969;ITO;BUD;2020-11-24-11-8;2020-11-24-16-45;19
KHMIU712;DBB;BUD;2020-11-24-11-14;2020-11-24-15-11;20
XKNGZ632;ASD;BUD;2020-11-24-13-18;2020-11-24-16-33;74
TVRJX404;DBB;BUD;2020-11-24-10-37;2020-11-24-14-45;1
QBOLU459;BUD;GFK;2020-11-25-4-30;2020-11-25-8-55;75
EWIDD933;BUD;DRT;2020-11-25-7-21;2020-11-25-11-49;90
BKRVX691;BUD;DRT;2020-11-25-6-16;2020-11-25-8-22;59
JBYXI499;OCS;BUD;2020-11-25-12-6;2020-11-25-14-39;111
HDZIH002;BOJ;BUD;2020-11-25-12-18;2020-11-25-15-29;91
VTBAO836;DEL;BUD;2020-11-25-11-26;2020-11-25-14-58;59
TBITB155;BUD;OCS;2020-11-25-10-56;2020-11-25-13-42;89
XGEPQ911;ITO;BUD;2020-11-25-1-8;2020-11-25-5-51;84
XWZPX931;BUD;NTR;2020-11-25-16-45;2020-11-25-20-6;20
LQCFW970;BKV;BUD;2020-11-25-7-4;2020-11-25-10-53;78
EPGES990;DBB;BUD;2020-11-25-0-6;2020-11-25-4-0;120
BZKAC546;ASD;BUD;2020-11-25-14-4;2020-11-25-18-29;89
QUUES697;CRD;BUD;2020-11-25-4-42;2020-11-25-6-54;13
XFVYD271;BOJ;BUD;2020-11-25-6-48;2020-11-25-8-38;35
UFCDN241;BUD;DBB;2020-11-25-2-26;2020-11-25-4-39;105
OWXXI249;BOJ;BUD;2020-11-25-6-26;2020-11-25-11-40;86
RAXWM875;GFK;BUD;2020-11-25-18-16;2020-11-25-23-44;90
VXQJB275;BUD;DRT;2020-11-25-9-44;2020-11-25-14-32;104
ZBAID672;BUD;ILO;2020-11-25-3-17;2020-11-25-7-35;76
QFDVU362;ILO;BUD;2020-11-25-18-7;2020-11-25-23-56;119
AMFDV766;DRT;BUD;2020-11-25-7-24;2020-11-25-12-13;79
AQHPC956;ASD;BUD;2020-11-26-2-14;2020-11-26-5-49;41
QDGAL098;BUD;DEL;2020-11-26-7-19;2020-11-26-11-30;55
IPHOV446;BUD;GFK;2020-11-26-13-12;2020-11-26-17-37;11
ULOLB516;ASD;BUD;2020-11-26-8-3;2020-11-26-11-0;47
NPYPK580;DRT;BUD;2020-11-26-4-33;2020-11-26-8-57;37
NYNQI772;BUD;ILO;2020-11-26-10-10;2020-11-26-15-38;68
HJDMD664;DEL;BUD;2020-11-26-3-3;2020-11-26-5-28;97
ICNFC493;BUD;CRD;2020-11-26-5-52;2020-11-26-9-36;102
UQVXJ246;BUD;ASD;2020-11-26-17-55;2020-11-26-22-44;38
FRZDB314;BUD;ITO;2020-11-26-14-17;2020-11-26-17-19;12
LMXFE581;BUD;ITO;2020-11-26-8-37;2020-11-26-12-35;55
BBZYC925;BUD;BKV;2020-11-26-0-22;2020-11-26-4-17;23
JPKRS773;BOJ;BUD;2020-11-26-17-46;2020-11-26-21-32;120
YTBPS053;BUD;GFK;2020-11-26-5-55;2020-11-26-9-8;52
ODZAU526;BUD;BOJ;2020-11-26-9-22;2020-11-26-14-42;78
KFFIA305;DBB;BUD;2020-11-26-13-36;2020-11-26-17-47;63
HZTKL579;OCS;BUD;2020-11-26-9-19;2020-11-26-11-32;45
UIDIJ156;MAA;BUD;2020-11-26-16-42;2020-11-26-18-13;71
MCFQR068;BUD;CRD;2020-11-26-1-4;2020-11-26-6-19;71
ZHLVA515;NTR;BUD;2020-11-26-13-1;2020-11-26-17-56;108
PGZTP439;BUD;ILO;2020-11-26-9-18;2020-11-26-13-28;100
BEIOA002;OCS;BUD;2020-11-27-17-21;2020-11-27-21-40;43
ZOZTP863;BKV;BUD;2020-11-27-7-11;2020-11-27-11-40;63
WPLPQ398;MAA;BUD;2020-11-27-18-14;2020-11-27-23-12;72
HGRXI051;ASD;BUD;2020-11-27-3-20;2020-11-27-7-56;10
SVOWK441;BKV;BUD;2020-11-27-5-58;2020-11-27-9-24;52
ZLXRN613;DBB;BUD;2020-11-27-11-19;2020-11-27-14-54;101
BQHLB783;BUD;GFK;2020-11-27-1-24;2020-11-27-5-14;12
FFHKA495;ITO;BUD;2020-11-27-16-44;2020-11-27-18-44;42
WJEZP812;BUD;BKV;2020-11-27-4-46;2020-11-27-8-34;106
ZLLHB172;BUD;DBB;2020-11-27-17-6;2020-11-27-19-2;84
CTSZJ821;BOJ;BUD;2020-11-27-10-20;2020-11-27-14-24;82
QHCUL137;BUD;NTR;2020-11-27-2-43;2020-11-27-4-59;30
UPJLJ487;BKV;BUD;2020-11-27-15-23;2020-11-27-18-4;93
BPUEK933;BUD;OCS;2020-11-27-6-5;2020-11-27-10-39;112
SRIZO853;BUD;ILO;2020-11-27-15-20;2020-11-27-17-28;90
ORGNR993;BUD;ASD;2020-11-27-18-11;2020-11-27-20-30;105
XZOBI853;CRD;BUD;2020-11-27-13-35;2020-11-27-17-3;69
JMRBD343;BUD;ILO;2020-11-27-15-31;2020-11-27-17-52;112
LHPAA867;DBB;BUD;2020-11-27-14-29;2020-11-27-17-24;4
QPTIY828;OCS;BUD;2020-11-27-6-10;2020-11-27-8-25;21
KWXRO110;NTR;BUD;2020-11-27-16-59;2020-11-27-18-38;93
LXCTY758;MAA;BUD;2020-11-28-5-38;2020-11-28-8-3;8
VNFKG603;BUD;DRT;2020-11-28-7-33;2020-11-28-11-24;86
KHBRL224;DRT;BUD;2020-11-28-8-49;2020-11-28-12-39;32
ZGKKO996;ILO;BUD;2020-11-28-18-54;2020-11-28-23-27;27
LTFLG695;BKV;BUD;2020-11-28-0-2;2020-11-28-3-14;90
YUMHF436;GFK;BUD;2020-11-28-14-58;2020-11-28-19-20;20
BLHQL393;BUD;BOJ;2020-11-28-1-52;2020-11-28-6-7;43
MPUSE234;NTR;BUD;2020-11-28-2-28;2020-11-28-5-23;69
DCZFE733;BUD;MAA;2020-11-28-10-14;2020-11-28-13-0;98
GCFBZ433;BUD;MAA;2020-11-28-13-12;2020-11-28-18-51;117
WNDIT926;ILO;BUD;2020-11-28-6-32;2020-11-28-9-6;32
OBHZM874;BUD;DBB;2020-11-28-14-7;2020-11-28-16-56;59
YHGPB207;OCS;BUD;2020-11-28-5-13;2020-11-28-9-52;45
TBIZP296;ITO;BUD;2020-11-28-11-47;2020-11-28-13-47;28
XARQU465;BUD;OCS;2020-11-28-14-35;2020-11-28-17-27;88
NZLQI326;BUD;OCS;2020-11-28-8-6;2020-11-28-13-38;67
LROOH060;BUD;MAA;2020-11-28-8-7;2020-11-28-11-50;32
RBKRI457;GFK;BUD;2020-11-28-5-52;2020-11-28-8-55;37
BRBAV942;DEL;BUD;2020-11-28-12-54;2020-11-28-15-14;40
ZYWUF112;DBB;BUD;2020-11-28-16-27;2020-11-28-20-13;0
HPYER290;BUD;ILO;2020-11-28-10-36;2020-11-28-13-41;97
QBMZC875;BUD;DEL;2020-11-29-1-41;2020-11-29-5-22;16
EGLNW843;BUD;MAA;2020-11-29-2-55;2020-11-29-6-45;67
KELEO700;DEL;BUD;2020-11-29-15-2;2020-11-29-17-34;63
HJSBH838;ILO;BUD;2020-11-29-8-55;2020-11-29-11-45;24
FQLQX278;BKV;BUD;2020-11-29-7-8;2020-11-29-10-58;15
FPISU003;BUD;NTR;2020-11-29-17-58;2020-11-29-22-5;115
UMCBG476;BUD;DRT;2020-11-29-1-45;2020-11-29-5-10;80
BQLDP298;MAA;BUD;2020-11-29-17-16;2020-11-29-20-19;49
QEJME140;BUD;ITO;2020-11-29-9-33;2020-11-29-11-14;46
LNHNE306;BUD;ITO;2020-11-29-17-48;2020-11-29-22-41;70
GKWCT598;BUD;GFK;2020-11-29-15-40;2020-11-29-18-11;62
OKDJC691;BUD;OCS;2020-11-29-13-38;2020-11-29-16-20;37
ZDHGV457;DBB;BUD;2020-11-29-6-22;2020-11-29-9-27;104
ZPFIC126;BUD;GFK;2020-11-29-3-43;2020-11-29-5-47;86
QLLSC095;BUD;ITO;2020-11-29-12-32;2020-11-29-16-52;102
MEPTB473;BUD;ITO;2020-11-29-14-13;2020-11-29-17-38;102
PLSLW806;DBB;BUD;2020-11-29-17-31;2020-11-29-21-33;4
WYRXD365;ILO;BUD;2020-11-29-5-10;2020-11-29-10-52;48
UBWGT254;BUD;ASD;2020-11-29-8-43;2020-11-29-13-34;114
IFTZP109;ASD;BUD;2020-11-29-10-2;2020-11-29-12-39;29
QEOHK791;BUD;ILO;2020-11-29-6-3;2020-11-29-8-0;91
GLIXD507;BUD;DBB;2020-11-30-15-32;2020-11-30-17-36;15
JPSPS624;DBB;BUD;2020-11-30-6-48;2020-11-30-8-14;97
PMIDV832;NTR;BUD;2020-11-30-0-1;2020-11-30-4-44;57
JQVWX320;BUD;NTR;2020-11-30-18-27;2020-11-30-23-38;13
KRLIH459;CRD;BUD;2020-11-30-13-41;2020-11-30-17-7;97
EJXPV115;BUD;ASD;2020-11-30-14-19;2020-11-30-17-19;47
NKBMN800;BUD;NTR;2020-11-30-7-26;2020-11-30-9-39;92
LIRXA765;ASD;BUD;2020-11-30-17-27;2020-11-30-22-40;2
RODAO592;BUD;ASD;2020-11-30-10-51;2020-11-30-12-4;80
KNMOV049;DRT;BUD;2020-11-30-16-31;2020-11-30-20-58;56
NLHGV386;BUD;OCS;2020-11-30-0-27;2020-11-30-2-16;106
PCNDO569;BUD;ASD;2020-11-30-5-25;2020-11-30-10-29;53
YCWOX410;BUD;ITO;2020-11-30-4-4;2020-11-30-7-48;97
KLWES856;DRT;BUD;2020-11-30-16-54;2020-11-30-18-1;2
APHYQ903;BUD;BKV;2020-11-30-16-1;2020-11-30-19-20;4
RUQFA667;GFK;BUD;2020-11-30-5-8;2020-11-30-10-5;32
KFHPZ079;BUD;MAA;2020-11-30-3-48;2020-11-30-6-41;20
MCUFR136;BUD;ITO;2020-11-30-3-31;2020-11-30-7-18;16
YJZRH776;CRD;BUD;2020-11-30-0-43;2020-11-30-4-48;39
AAOBV023;BUD;BKV;2020-11-30-3-50;2020-11-30-7-10;75
VJJSK652;BUD;ASD;2020-11-30-4-21;2020-11-30-8-21;4
MQVWF230;ASD;BUD;2020-12-1-9-15;2020-12-1-11-17;118
RATLT481;BUD;NTR;2020-12-1-7-36;2020-12-1-10-0;37
BQNGE718;ASD;BUD;2020-12-1-5-31;2020-12-1-9-19;81
GIUUA187;BUD;GFK;2020-12-1-15-36;2020-12-1-18-30;16
NYMNW435;ILO;BUD;2020-12-1-1-30;2020-12-1-6-36;89
SEVXX502;BUD;DBB;2020-12-1-1-42;2020-12-1-6-0;59
EKKZU946;DRT;BUD;2020-12-1-5-29;2020-12-1-8-4;112
PEHVR768;MAA;BUD;2020-12-1-7-41;2020-12-1-11-17;23
AYVFW898;BUD;BKV;2020-12-1-18-15;2020-12-1-22-8;45
HDVYY713;BUD;ILO;2020-12-1-14-59;2020-12-1-16-51;95
NTFBI971;BUD;ITO;2020-12-1-5-24;2020-12-1-9-28;70
NTVUX501;BUD;CRD;2020-12-1-1-59;2020-12-1-4-50;86
JDWTG314;DEL;BUD;2020-12-1-4-50;2020-12-1-6-22;84
FQSSV001;BUD;DBB;2020-12-1-14-11;2020-12-1-16-4;100
NJOHS742;BUD;ASD;2020-12-1-8-34;2020-12-1-12-59;96
WTYSZ676;BUD;DRT;2020-12-1-15-1;2020-12-1-17-36;25
KPTVI076;BKV;BUD;2020-12-1-12-36;2020-12-1-16-7;13
VNVZU512;ITO;BUD;2020-12-1-6-28;2020-12-1-9-13;55
IIGLA710;BUD;DBB;2020-12-1-10-42;2020-12-1-15-7;1
KTLIG595;BUD;ASD;2020-12-1-1-58;2020-12-1-6-9;11
IBUUV935;GFK;BUD;2020-12-1-13-30;2020-12-1-17-13;71
ZHVNS036;BKV;BUD;2020-12-2-14-31;2020-12-2-18-28;61
OJJBU041;BUD;GFK;2020-12-2-18-57;2020-12-2-23-36;73
ADSHF565;DEL;BUD;2020-12-2-12-9;2020-12-2-16-11;62
EMQAX259;ITO;BUD;2020-12-2-13-9;2020-12-2-16-52;41
GKWYX004;DEL;BUD;2020-12-2-8-36;2020-12-2-11-0;39
ATDWF001;BUD;DEL;2020-12-2-14-30;2020-12-2-17-16;96
GZXTA560;BUD;GFK;2020-12-2-9-28;2020-12-2-14-32;114
SQXPP212;MAA;BUD;2020-12-2-8-30;2020-12-2-10-9;82
FYPNA617;GFK;BUD;2020-12-2-0-55;2020-12-2-3-12;70
ZKRYQ164;ASD;BUD;2020-12-2-0-56;2020-12-2-4-54;76
EKRAI872;BOJ;BUD;2020-12-2-18-31;2020-12-2-20-44;51
FCBII958;BUD;DRT;2020-12-2-2-13;2020-12-2-7-0;65
GHELK979;BUD;ITO;2020-12-2-2-52;2020-12-2-5-19;78
ODKGQ424;GFK;BUD;2020-12-2-10-57;2020-12-2-13-1;86
NEDIO760;BUD;ITO;2020-12-2-16-14;2020-12-2-19-16;52
TVGQC839;CRD;BUD;2020-12-2-6-18;2020-12-2-8-20;84
EXMWU718;OCS;BUD;2020-12-2-17-40;2020-12-2-22-16;113
DVFID580;DEL;BUD;2020-12-2-4-0;2020-12-2-7-17;41
JVXYR232;BUD;DBB;2020-12-2-7-28;2020-12-2-11-53;70
RSAZL755;DEL;BUD;2020-12-2-18-5;2020-12-2-20-39;82
MXYBH913;CRD;BUD;2020-12-2-17-42;2020-12-2-21-53;53
RRUHA860;BUD;CRD;2020-12-3-12-33;2020-12-3-16-9;24
WCPLJ854;BUD;ILO;2020-12-3-6-17;2020-12-3-10-42;50
ENCFM933;DRT;BUD;2020-12-3-7-38;2020-12-3-12-28;2
XAVBP701;BUD;ILO;2020-12-3-13-52;2020-12-3-15-1;66
FNZAV149;BUD;CRD;2020-12-3-0-8;2020-12-3-5-36;38
RMMNO946;BUD;BOJ;2020-12-3-13-11;2020-12-3-15-41;17
BJTHP088;BUD;GFK;2020-12-3-8-10;2020-12-3-11-22;110
IFYQQ775;BKV;BUD;2020-12-3-18-25;2020-12-3-22-23;93
ADICK619;ILO;BUD;2020-12-3-3-18;2020-12-3-8-51;21
BLVBT407;MAA;BUD;2020-12-3-18-47;2020-12-3-23-43;62
DNCJS560;DBB;BUD;2020-12-3-16-20;2020-12-3-18-38;94
ASIPW903;BUD;DBB;2020-12-3-11-5;2020-12-3-14-6;51
XMQLP747;CRD;BUD;2020-12-3-17-28;2020-12-3-22-59;21
XXJUE976;BUD;GFK;2020-12-3-0-0;2020-12-3-4-52;76
NKIIP332;GFK;BUD;2020-12-3-17-47;2020-12-3-21-48;20
GJOZM573;BKV;BUD;2020-12-3-3-17;2020-12-3-5-27;43
BTJTV567;BKV;BUD;2020-12-3-14-8;2020-12-3-17-45;92
HCBSX174;BUD;ITO;2020-12-3-13-33;2020-12-3-18-30;85
BRKES505;DEL;BUD;2020-12-3-14-7;2020-12-3-19-17;105
JTRQU410;BUD;MAA;2020-12-3-8-58;2020-12-3-10-0;113
YETPL034;DEL;BUD;2020-12-3-18-56;2020-12-3-23-1;111
KXZFV483;BUD;DBB;2020-12-4-3-44;2020-12-4-5-58;88
JLLGA115;ASD;BUD;2020-12-4-18-47;2020-12-4-22-39;43
QHMSH697;DEL;BUD;2020-12-4-6-42;2020-12-4-11-22;68
XBGZO248;BUD;GFK;2020-12-4-3-3;2020-12-4-5-18;70
WVCER285;BKV;BUD;2020-12-4-2-3;2020-12-4-5-53;89
CTZZW813;BUD;DBB;2020-12-4-5-19;2020-12-4-7-28;0
UIRXI401;BUD;DEL;2020-12-4-10-14;2020-12-4-12-44;66
JXLUB389;DEL;BUD;2020-12-4-4-43;2020-12-4-7-28;75
JXKJO827;BUD;OCS;2020-12-4-7-26;2020-12-4-12-40;120
ZNEOI416;ITO;BUD;2020-12-4-16-24;2020-12-4-19-33;113
IWDDV054;BUD;DEL;2020-12-4-17-32;2020-12-4-19-41;21
IHYTL559;BUD;CRD;2020-12-4-9-46;2020-12-4-13-46;103
YOAHH279;BUD;MAA;2020-12-4-5-14;2020-12-4-7-28;79
GRYFT826;BUD;ASD;2020-12-4-18-56;2020-12-4-22-15;92
USKYZ748;BOJ;BUD;2020-12-4-2-49;2020-12-4-6-32;93
XKPFR699;DRT;BUD;2020-12-4-1-39;2020-12-4-5-24;73
OEBQM183;BUD;GFK;2020-12-4-10-35;2020-12-4-14-57;72
JMLIF200;DRT;BUD;2020-12-4-3-30;2020-12-4-8-42;97
TOMXU280;ASD;BUD;2020-12-4-7-59;2020-12-4-12-26;25
UFDFM551;OCS;BUD;2020-12-4-6-24;2020-12-4-9-27;32
NZRJW225;DBB;BUD;2020-12-4-7-6;2020-12-4-10-16;95
TBGBO518;BOJ;BUD;2020-12-5-6-25;2020-12-5-10-44;115
XIXGP083;ILO;BUD;2020-12-5-11-38;2020-12-5-15-19;107
ODUFT300;ASD;BUD;2020-12-5-0-40;2020-12-5-3-56;82
ZSPFZ142;ASD;BUD;2020-12-5-16-11;2020-12-5-19-49;101
NHQNJ067;ASD;BUD;2020-12-5-15-24;2020-12-5-19-55;5
EJEIZ129;BKV;BUD;2020-12-5-13-0;2020-12-5-15-28;64
ZPHJP608;MAA;BUD;2020-12-5-17-6;2020-12-5-19-2;94
OWPQS417;ILO;BUD;2020-12-5-10-9;2020-12-5-14-4;52
OKONP741;ILO;BUD;2020-12-5-9-20;2020-12-5-13-43;24
HGPFU583;BUD;BOJ;2020-12-5-12-14;2020-12-5-14-0;47
BEFHI193;DEL;BUD;2020-12-5-0-46;2020-12-5-4-43;50
MRVQP649;BUD;BKV;2020-12-5-13-22;2020-12-5-18-39;5
QJUQI088;BUD;MAA;2020-12-5-12-22;2020-12-5-16-16;103
MFXMN730;BUD;DRT;2020-12-5-10-32;2020-12-5-15-9;5
BGIUX918;BUD;DBB;2020-12-5-15-50;2020-12-5-20-26;11
BUITB809;DBB;BUD;2020-12-5-2-36;2020-12-5-7-25;42
WSEVG648;OCS;BUD;2020-12-5-5-47;2020-12-5-10-1;41
BCVEH305;BUD;NTR;2020-12-5-13-44;2020-12-5-15-34;46
KEGQV736;MAA;BUD;2020-12-5-16-9;2020-12-5-21-14;24
FGLXW498;BKV;BUD;2020-12-5-4-27;2020-12-5-6-30;80
YZVHN064;BOJ;BUD;2020-12-5-8-30;2020-12-5-11-19;56
GQTXM658;BUD;ASD;2020-12-6-13-55;2020-12-6-17-53;54
JRJAN544;BUD;ITO;2020-12-6-3-24;2020-12-6-6-50;80
VVBTC555;BUD;BKV;2020-12-6-3-34;2020-12-6-5-54;1
PPNFM660;GFK;BUD;2020-12-6-8-27;2020-12-6-10-3;116
QITFQ986;BUD;NTR;2020-12-6-11-39;2020-12-6-16-36;76
AVVKT190;BKV;BUD;2020-12-6-12-33;2020-12-6-15-50;62
XMZYV475;BOJ;BUD;2020-12-6-10-24;2020-12-6-13-55;87
SNWBX013;BUD;CRD;2020-12-6-12-13;2020-12-6-14-35;105
PVQDM252;ASD;BUD;2020-12-6-16-9;2020-12-6-18-58;71
NNDEZ058;MAA;BUD;2020-12-6-2-46;2020-12-6-4-59;60
MKRRY065;BUD;BKV;2020-12-6-4-7;2020-12-6-7-4;34
KLGPJ696;BUD;ASD;2020-12-6-13-53;2020-12-6-18-50;74
WKCUR196;BUD;BOJ;2020-12-6-9-37;2020-12-6-14-26;105
EKDSB403;BKV;BUD;2020-12-6-10-23;2020-12-6-14-19;46
QHQRD290;BUD;CRD;2020-12-6-18-57;2020-12-6-21-50;113
QQQQC330;DEL;BUD;2020-12-6-18-25;2020-12-6-22-27;53
UBWHU375;BUD;CRD;2020-12-6-1-33;2020-12-6-6-17;40
HECAZ712;OCS;BUD;2020-12-6-12-20;2020-12-6-16-42;107
AEMHB305;DEL;BUD;2020-12-6-17-9;2020-12-6-19-26;62
ABDOU079;GFK;BUD;2020-12-6-18-54;2020-12-6-21-50;112
CYGAH385;BUD;OCS;2020-12-6-12-24;2020-12-6-14-39;15
VFGHD725;BUD;NTR;2020-12-7-0-28;2020-12-7-2-22;59
GTLRQ053;MAA;BUD;2020-12-7-1-0;2020-12-7-6-43;45
QRURF102;NTR;BUD;2020-12-7-6-58;2020-12-7-10-8;52
MZIGF685;CRD;BUD;2020-12-7-10-37;2020-12-7-14-23;118
JXVWM661;BUD;DEL;2020-12-7-8-16;2020-12-7-11-13;34
IJGSE968;BUD;GFK;2020-12-7-15-7;2020-12-7-20-35;51
FQSZQ871;BUD;OCS;2020-12-7-11-56;2020-12-7-13-40;119
QRVSS378;BUD;DRT;2020-12-7-2-27;2020-12-7-7-44;96
ZCHJV856;BUD;DBB;2020-12-7-12-16;2020-12-7-16-0;21
GKPAD057;DBB;BUD;2020-12-7-1-12;2020-12-7-6-7;42
KQYAQ561;BUD;ILO;2020-12-7-0-20;2020-12-7-3-26;22
TNYCX664;BUD;ASD;2020-12-7-0-52;2020-12-7-2-13;7
KDKSK134;MAA;BUD;2020-12-7-5-23;2020-12-7-10-12;98
KXHAJ578;DRT;BUD;2020-12-7-18-40;2020-12-7-22-25;64
FCDIV514;BUD;ASD;2020-12-7-9-33;2020-12-7-14-7;29
XIPHB557;BUD;BOJ;2020-12-7-8-15;2020-12-7-11-10;44
APSMQ149;BUD;DEL;2020-12-7-18-11;2020-12-7-20-58;4
NPBJD739;ASD;BUD;2020-12-7-7-18;2020-12-7-10-51;7
CYMSZ248;BUD;CRD;2020-12-7-17-46;2020-12-7-19-49;26
UIEUG135;BUD;DRT;2020-12-7-8-12;2020-12-7-12-54;4
CZAEE369;BUD;GFK;2020-12-7-9-32;2020-12-7-12-30;31
JVRYZ677;BUD;NTR;2020-12-8-5-6;2020-12-8-10-20;102
JLWKC245;OCS;BUD;2020-12-8-2-2;2020-12-8-6-54;85
MKUKA532;BUD;DRT;2020-12-8-5-36;2020-12-8-8-54;108
IGXFZ767;BUD;BOJ;2020-12-8-4-54;2020-12-8-9-41;24
URSOH369;ILO;BUD;2020-12-8-16-30;2020-12-8-21-17;70
TTGBA991;BUD;DEL;2020-12-8-4-50;2020-12-8-8-25;23
ZNAIY679;ASD;BUD;2020-12-8-18-55;2020-12-8-23-12;68
SNOIG177;BUD;BKV;2020-12-8-14-0;2020-12-8-18-37;2
HOWKB212;GFK;BUD;2020-12-8-11-0;2020-12-8-14-33;75
AGBFQ324;DEL;BUD;2020-12-8-4-58;2020-12-8-7-2;117
MSSQW422;BUD;BKV;2020-12-8-7-3;2020-12-8-11-31;62
WJGTK534;BUD;DBB;2020-12-8-16-57;2020-12-8-18-2;79
GBPWZ186;BOJ;BUD;2020-12-8-13-7;2020-12-8-16-34;88
CXYNL240;BUD;DBB;2020-12-8-11-35;2020-12-8-15-17;105
EJUIA292;BUD;DEL;2020-12-8-11-16;2020-12-8-16-10;56
DTGPH946;BUD;ITO;2020-12-8-3-39;2020-12-8-7-55;92
XONSJ876;BUD;NTR;2020-12-8-9-30;2020-12-8-11-50;92
CVGTA566;MAA;BUD;2020-12-8-1-20;2020-12-8-6-31;53
KUKGE990;BUD;NTR;2020-12-8-5-31;2020-12-8-7-10;74
SZEAM252;DRT;BUD;2020-12-8-7-36;2020-12-8-12-51;55
KEDAK327;BUD;GFK;2020-12-8-15-52;2020-12-8-18-7;40
KIKQU929;NTR;BUD;2020-12-9-4-45;2020-12-9-6-54;117
GTLZK029;BUD;BKV;2020-12-9-8-47;2020-12-9-13-6;58
APYTQ876;BKV;BUD;2020-12-9-7-53;2020-12-9-10-30;62
VSIMT889;BUD;DEL;2020-12-9-1-54;2020-12-9-4-8;17
USVLN399;DRT;BUD;2020-12-9-4-46;2020-12-9-6-10;113
RWHYM305;BUD;BOJ;2020-12-9-4-14;2020-12-9-6-51;18
PHATC247;BUD;DEL;2020-12-9-16-38;2020-12-9-20-3;55
PUKQU457;ITO;BUD;2020-12-9-17-43;2020-12-9-19-21;62
LEWDD175;BUD;GFK;2020-12-9-9-29;2020-12-9-11-28;60
EQLTE086;DBB;BUD;2020-12-9-1-56;2020-12-9-6-4;96
DHHNS076;BUD;OCS;2020-12-9-16-20;2020-12-9-18-49;28
JZZYS246;CRD;BUD;2020-12-9-17-53;2020-12-9-21-53;20
AEOAR813;CRD;BUD;2020-12-9-10-31;2020-12-9-15-44;120
FYOFS749;OCS;BUD;2020-12-9-15-58;2020-12-9-19-1;104
ESNYW592;BUD;ASD;2020-12-9-1-37;2020-12-9-4-44;53
RVWCX962;GFK;BUD;2020-12-9-9-31;2020-12-9-14-19;111
PDFFI112;BUD;GFK;2020-12-9-0-26;2020-12-9-3-41;55
PLRYZ397;CRD;BUD;2020-12-9-4-25;2020-12-9-9-44;75
NDEGL544;BUD;NTR;2020-12-9-10-44;2020-12-9-15-0;37
QXURL776;BKV;BUD;2020-12-9-11-2;2020-12-9-16-28;59
CTYEN158;BUD;DEL;2020-12-9-13-45;2020-12-9-17-27;91
TWTTV852;CRD;BUD;2020-12-10-8-45;2020-12-10-10-52;104
QUVRU931;ASD;BUD;2020-12-10-6-20;2020-12-10-9-48;48
IVUNX166;CRD;BUD;2020-12-10-15-43;2020-12-10-20-53;115
JEMTN824;BUD;BKV;2020-12-10-6-23;2020-12-10-9-31;48
LYXYC303;BUD;DEL;2020-12-10-6-37;2020-12-10-9-11;51
WOSOU554;BKV;BUD;2020-12-10-16-33;2020-12-10-19-25;115
QMSKR784;ITO;BUD;2020-12-10-11-57;2020-12-10-16-41;100
JDCJC519;BUD;BOJ;2020-12-10-5-33;2020-12-10-9-41;95
HZMOM471;CRD;BUD;2020-12-10-3-52;2020-12-10-8-53;45
BRVOV975;BUD;CRD;2020-12-10-3-4;2020-12-10-5-53;80
EUPUM280;BKV;BUD;2020-12-10-17-18;2020-12-10-21-43;56
QUSII929;MAA;BUD;2020-12-10-0-9;2020-12-10-5-13;16
PVBPM513;BUD;ILO;2020-12-10-8-52;2020-12-10-10-53;3
WGPVT027;BUD;ASD;2020-12-10-4-31;2020-12-10-6-35;19
OFBEB657;BKV;BUD;2020-12-10-8-36;2020-12-10-11-44;40
IVPFS601;BOJ;BUD;2020-12-10-16-15;2020-12-10-20-41;40
UOHBX220;BUD;BKV;2020-12-10-6-39;2020-12-10-9-9;61
IAOAX830;BUD;NTR;2020-12-10-16-3;2020-12-10-18-27;81
VQBDW553;GFK;BUD;2020-12-10-14-57;2020-12-10-17-57;45
EQNJZ150;BUD;DEL;2020-12-10-1-49;2020-12-10-6-35;78
YEAHU214;ITO;BUD;2020-12-10-16-25;2020-12-10-21-57;111
VCDAM481;GFK;BUD;2020-12-11-2-11;2020-12-11-6-12;106
ZHCPG613;DEL;BUD;2020-12-11-12-33;2020-12-11-15-7;37
KBKHT811;CRD;BUD;2020-12-11-10-13;2020-12-11-14-22;79
TOHMT240;BUD;BOJ;2020-12-11-17-51;2020-12-11-20-0;66
ZQOTR962;NTR;BUD;2020-12-11-9-33;2020-12-11-11-14;40
UQTNH297;BUD;GFK;2020-12-11-15-15;2020-12-11-20-53;59
SSWJI369;BUD;BKV;2020-12-11-2-17;2020-12-11-5-44;99
CFGPD676;DEL;BUD;2020-12-11-2-9;2020-12-11-5-34;56
LRLZW242;NTR;BUD;2020-12-11-12-10;2020-12-11-17-26;111
DFVLR873;ITO;BUD;2020-12-11-11-18;2020-12-11-16-5;106
YXBXF111;ITO;BUD;2020-12-11-10-46;2020-12-11-15-47;67
XBDBP942;DEL;BUD;2020-12-11-1-34;2020-12-11-4-20;85
YKSTS523;CRD;BUD;2020-12-11-12-4;2020-12-11-17-11;101
QTSPQ025;DEL;BUD;2020-12-11-4-42;2020-12-11-8-19;43
RUEQK281;CRD;BUD;2020-12-11-7-10;2020-12-11-11-42;103
AVYYM716;BUD;ASD;2020-12-11-11-1;2020-12-11-15-48;24
DJUUK785;BUD;ASD;2020-12-11-8-46;2020-12-11-10-0;36
WDFED588;BUD;NTR;2020-12-11-7-53;2020-12-11-10-58;41
BYTDN513;BUD;CRD;2020-12-11-15-51;2020-12-11-19-34;1
VFTEQ668;BUD;MAA;2020-12-11-18-35;2020-12-11-20-23;71
LKJOG863;ILO;BUD;2020-12-11-14-22;2020-12-11-17-43;46
MEUZA768;DBB;BUD;2020-12-12-11-29;2020-12-12-16-45;62
ZJBDF336;BUD;OCS;2020-12-12-14-44;2020-12-12-16-14;46
UGQPK124;OCS;BUD;2020-12-12-15-56;2020-12-12-17-22;16
GAGFH232;BUD;ILO;2020-12-12-18-47;2020-12-12-21-21;4
VJFTB399;ASD;BUD;2020-12-12-18-53;2020-12-12-20-54;120
CRBFO952;CRD;BUD;2020-12-12-1-33;2020-12-12-5-40;8
JEXDG276;ITO;BUD;2020-12-12-7-13;2020-12-12-12-9;60
ZXFDF765;OCS;BUD;2020-12-12-16-5;2020-12-12-20-14;41
UDIJT334;OCS;BUD;2020-12-12-3-25;2020-12-12-6-18;18
RYFMU730;OCS;BUD;2020-12-12-15-46;2020-12-12-17-44;115
PKVTS009;BOJ;BUD;2020-12-12-11-24;2020-12-12-15-16;93
KLVHR679;ITO;BUD;2020-12-12-3-19;2020-12-12-5-11;0
KQXPM083;BUD;OCS;2020-12-12-17-35;2020-12-12-22-2;117
LAULX293;OCS;BUD;2020-12-12-11-10;2020-12-12-14-23;2
FFFDG470;ITO;BUD;2020-12-12-0-33;2020-12-12-3-3;64
OFELO229;ILO;BUD;2020-12-12-17-33;2020-12-12-21-29;120
GRUAQ206;BOJ;BUD;2020-12-12-11-0;2020-12-12-14-29;69
YGNWG430;BUD;CRD;2020-12-12-17-13;2020-12-12-21-45;107
BBVKV526;CRD;BUD;2020-12-12-13-14;2020-12-12-15-11;109
AHEIO298;BUD;GFK;2020-12-12-5-6;2020-12-12-7-10;82
IAADK904;ASD;BUD;2020-12-12-6-2;2020-12-12-8-46;13
NPVEZ809;BUD;DRT;2020-12-13-18-13;2020-12-13-21-25;54
MJLWC598;BUD;MAA;2020-12-13-6-44;2020-12-13-11-6;55
EQCXV401;ITO;BUD;2020-12-13-6-21;2020-12-13-11-52;87
PKOQL475;DRT;BUD;2020-12-13-17-21;2020-12-13-20-26;98
XVBUD987;BUD;MAA;2020-12-13-1-36;2020-12-13-4-36;65
WXVGY227;BUD;ILO;2020-12-13-13-35;2020-12-13-18-23;99
BMMAV526;BUD;BOJ;2020-12-13-14-15;2020-12-13-17-15;10
YLECU663;NTR;BUD;2020-12-13-5-49;2020-12-13-10-48;109
QLKMH698;BUD;DEL;2020-12-13-17-14;2020-12-13-19-9;97
LLOYF091;DEL;BUD;2020-12-13-10-15;2020-12-13-12-58;15
UGFPT780;BUD;DRT;2020-12-13-1-43;2020-12-13-4-40;20
WOZCD991;DRT;BUD;2020-12-13-5-53;2020-12-13-10-50;57
NGCIB864;BUD;MAA;2020-12-13-2-46;2020-12-13-6-21;79
ICKWE830;GFK;BUD;2020-12-13-14-38;2020-12-13-19-49;89
FLUKP492;BUD;BKV;2020-12-13-8-47;2020-12-13-13-35;93
CGDFF434;GFK;BUD;2020-12-13-10-37;2020-12-13-14-15;62
HCTNP498;BUD;ITO;2020-12-13-11-36;2020-12-13-13-50;81
ISNRJ836;BUD;BOJ;2020-12-13-17-30;2020-12-13-21-40;98
KNRUL190;BUD;BOJ;2020-12-13-3-5;2020-12-13-7-57;80
ZWYIY157;BUD;NTR;2020-12-13-9-23;2020-12-13-13-35;56
WKQFQ199;BUD;BKV;2020-12-13-16-25;2020-12-13-19-56;106
LKKIZ603;BUD;MAA;2020-12-14-7-2;2020-12-14-11-49;7
UXCSR786;BUD;DEL;2020-12-14-11-17;2020-12-14-15-8;75
VUDNS993;NTR;BUD;2020-12-14-6-23;2020-12-14-9-36;10
PMQHR131;ITO;BUD;2020-12-14-18-32;2020-12-14-21-59;77
JBRHD769;MAA;BUD;2020-12-14-12-31;2020-12-14-17-44;18
EFQUT387;NTR;BUD;2020-12-14-12-49;2020-12-14-14-16;41
YZQEG073;BUD;DEL;2020-12-14-11-53;2020-12-14-14-45;100
UIPKM350;BUD;DEL;2020-12-14-10-34;2020-12-14-13-22;37
CWQRH477;BUD;OCS;2020-12-14-9-13;2020-12-14-12-54;73
TLNXU012;BKV;BUD;2020-12-14-14-42;2020-12-14-17-25;64
INKJA632;GFK;BUD;2020-12-14-6-8;2020-12-14-11-4;39
SQBXT712;NTR;BUD;2020-12-14-16-5;2020-12-14-20-43;74
ZNITY192;BKV;BUD;2020-12-14-13-55;2020-12-14-16-30;3
DMOXR515;BUD;NTR;2020-12-14-7-21;2020-12-14-11-38;96
UBGES156;BUD;BKV;2020-12-14-7-52;2020-12-14-11-1;9
UPTGE345;BUD;CRD;2020-12-14-12-47;2020-12-14-17-35;37
DJSON464;CRD;BUD;2020-12-14-10-0;2020-12-14-13-4;53
STDHP103;ASD;BUD;2020-12-14-12-54;2020-12-14-14-46;60
WRBPK632;DRT;BUD;2020-12-14-10-18;2020-12-14-15-8;26
VDZEI565;DBB;BUD;2020-12-14-11-12;2020-12-14-14-54;64
UJCAR105;ASD;BUD;2020-12-14-13-36;2020-12-14-17-40;9
UYHDS126;ITO;BUD;2020-12-15-0-51;2020-12-15-4-30;71
MXKUG677;OCS;BUD;2020-12-15-1-12;2020-12-15-5-32;29
OIVPR288;BUD;ILO;2020-12-15-16-23;2020-12-15-19-28;28
QDYJF130;BUD;ILO;2020-12-15-16-58;2020-12-15-19-40;27
SAPTD342;BUD;MAA;2020-12-15-14-18;2020-12-15-19-6;8
YDGRH446;DBB;BUD;2020-12-15-10-5;2020-12-15-15-51;0
HDSMZ734;BUD;DBB;2020-12-15-4-13;2020-12-15-9-33;78
YSKLO781;DEL;BUD;2020-12-15-2-10;2020-12-15-4-1;115
ZEYZF023;BKV;BUD;2020-12-15-1-41;2020-12-15-5-4;18
EKXQR708;GFK;BUD;2020-12-15-3-0;2020-12-15-6-26;52
PHCGJ259;BUD;ILO;2020-12-15-3-3;2020-12-15-7-0;41
GYHLE259;NTR;BUD;2020-12-15-8-18;2020-12-15-13-59;101
MWVUG674;BUD;ILO;2020-12-15-5-15;2020-12-15-7-17;20
KLQTN129;BUD;ILO;2020-12-15-13-43;2020-12-15-18-22;78
PNRRT679;BUD;MAA;2020-12-15-8-56;2020-12-15-11-24;32
QYPIX416;DEL;BUD;2020-12-15-7-59;2020-12-15-12-17;120
SOKPG029;NTR;BUD;2020-12-15-18-51;2020-12-15-22-17;99
PUFWW567;GFK;BUD;2020-12-15-0-10;2020-12-15-4-24;4
YEMYO573;BUD;CRD;2020-12-15-10-25;2020-12-15-12-24;69
RDEQG000;BUD;ILO;2020-12-15-8-51;2020-12-15-11-21;13
VKJDY720;DBB;BUD;2020-12-15-5-22;2020-12-15-7-3;83
VIHHM613;BUD;GFK;2020-12-16-7-23;2020-12-16-12-11;76
ATYRV288;OCS;BUD;2020-12-16-17-46;2020-12-16-22-18;59
NRIHC032;BUD;DEL;2020-12-16-8-20;2020-12-16-10-24;71
IWIDD864;BUD;DBB;2020-12-16-7-44;2020-12-16-12-42;8
ZEKMC476;BUD;GFK;2020-12-16-18-52;2020-12-16-20-50;12
ENLGI856;BUD;ASD;2020-12-16-10-48;2020-12-16-13-54;10
YWYPV874;DRT;BUD;2020-12-16-2-41;2020-12-16-5-5;118
PKNIN718;BUD;GFK;2020-12-16-15-3;2020-12-16-17-46;97
YTDAF979;BKV;BUD;2020-12-16-9-25;2020-12-16-11-1;113
XEOSE442;GFK;BUD;2020-12-16-9-24;2020-12-16-14-5;76
USAAD685;BUD;MAA;2020-12-16-13-43;2020-12-16-17-12;41
KVOYA810;DBB;BUD;2020-12-16-12-29;2020-12-16-15-57;79
KYTQR850;BUD;NTR;2020-12-16-17-19;2020-12-16-21-20;12
RBHMG404;MAA;BUD;2020-12-16-18-17;2020-12-16-22-23;95
UWSIR634;ASD;BUD;2020-12-16-7-50;2020-12-16-10-30;57
DJUUB300;BOJ;BUD;2020-12-16-4-47;2020-12-16-9-15;66
POTHA615;MAA;BUD;2020-12-16-8-42;2020-12-16-13-48;50
AOFJT645;MAA;BUD;2020-12-16-7-7;2020-12-16-11-16;46
WLFMG836;GFK;BUD;2020-12-16-16-32;2020-12-16-18-34;3
KMIZD579;BUD;DEL;2020-12-16-18-32;2020-12-16-22-27;32
POGJU588;BUD;ILO;2020-12-16-4-38;2020-12-16-6-34;52
IZTBG355;BUD;CRD;2020-12-17-15-33;2020-12-17-17-50;95
LHMJO139;BUD;ILO;2020-12-17-4-57;2020-12-17-9-22;44
ACYYP527;ILO;BUD;2020-12-17-12-55;2020-12-17-16-50;51
IHYNS350;MAA;BUD;2020-12-17-3-4;2020-12-17-8-39;35
CMJQF011;NTR;BUD;2020-12-17-7-49;2020-12-17-11-50;79
NNDRD146;DBB;BUD;2020-12-17-1-46;2020-12-17-6-22;55
ZBBIW965;ASD;BUD;2020-12-17-4-4;2020-12-17-8-13;31
BWZVN073;DEL;BUD;2020-12-17-18-2;2020-12-17-22-22;48
MLTCB473;BUD;DRT;2020-12-17-14-44;2020-12-17-18-28;109
EZZPS967;ILO;BUD;2020-12-17-5-43;2020-12-17-10-42;98
RJTKO595;DRT;BUD;2020-12-17-14-48;2020-12-17-18-52;107
SBAUD591;BUD;ASD;2020-12-17-14-33;2020-12-17-19-36;25
NLONT390;BUD;MAA;2020-12-17-18-40;2020-12-17-23-3;18
UKWQE599;BUD;OCS;2020-12-17-5-27;2020-12-17-10-16;46
XBGLL269;BUD;DBB;2020-12-17-15-38;2020-12-17-20-13;62
NLDNO428;ITO;BUD;2020-12-17-5-44;2020-12-17-7-40;61
NEYPN984;BUD;NTR;2020-12-17-10-18;2020-12-17-13-49;76
JWROG261;BKV;BUD;2020-12-17-12-59;2020-12-17-15-10;1
FINMQ023;DEL;BUD;2020-12-17-12-18;2020-12-17-15-42;99
PASZO376;ITO;BUD;2020-12-17-1-4;2020-12-17-4-27;13
YVFCD491;ILO;BUD;2020-12-17-7-56;2020-12-17-10-58;57
DRZGQ818;BUD;OCS;2020-12-18-0-57;2020-12-18-5-15;117
DBCNM917;BUD;CRD;2020-12-18-16-36;2020-12-18-21-39;61
AVIPB010;DEL;BUD;2020-12-18-17-29;2020-12-18-21-53;44
KHQSD496;GFK;BUD;2020-12-18-15-58;2020-12-18-20-52;52
LVKUZ778;BUD;BKV;2020-12-18-3-48;2020-12-18-6-45;59
AIQQQ890;BUD;ASD;2020-12-18-2-10;2020-12-18-5-21;28
FKNPP831;BUD;DRT;2020-12-18-14-56;2020-12-18-17-2;24
UXMPR345;DEL;BUD;2020-12-18-17-29;2020-12-18-22-20;63
QYMPY039;ASD;BUD;2020-12-18-18-47;2020-12-18-23-45;93
GOBYE354;DEL;BUD;2020-12-18-1-45;2020-12-18-4-2;52
ZGGYF075;BUD;NTR;2020-12-18-7-20;2020-12-18-12-31;17
VXCFH012;ILO;BUD;2020-12-18-17-17;2020-12-18-20-57;116
ADASP552;BUD;BOJ;2020-12-18-7-9;2020-12-18-12-3;14
YXHIW287;DEL;BUD;2020-12-18-11-30;2020-12-18-14-51;97
SFPSQ233;BUD;DRT;2020-12-18-0-34;2020-12-18-2-39;86
XWNAI984;BKV;BUD;2020-12-18-7-44;2020-12-18-11-42;8
AHAFM831;BUD;DEL;2020-12-18-9-53;2020-12-18-12-24;27
LVEJY086;DRT;BUD;2020-12-18-17-27;2020-12-18-20-58;44
TARKG239;GFK;BUD;2020-12-18-3-38;2020-12-18-7-33;94
QCUVA702;BUD;ASD;2020-12-18-8-35;2020-12-18-13-39;97
BALNX593;ILO;BUD;2020-12-18-2-29;2020-12-18-5-1;52
PVFZJ392;BUD;ASD;2020-12-19-7-43;2020-12-19-9-29;19
IXPEU705;BUD;CRD;2020-12-19-14-47;2020-12-19-16-41;62
XPPBQ551;ILO;BUD;2020-12-19-8-14;2020-12-19-13-19;116
MMFUA517;BUD;MAA;2020-12-19-13-3;2020-12-19-18-14;13
RKIQY063;DEL;BUD;2020-12-19-9-34;2020-12-19-12-28;104
WBYOA990;BUD;ITO;2020-12-19-12-38;2020-12-19-15-19;36
KRZJT591;BUD;CRD;2020-12-19-9-26;2020-12-19-13-4;49
YCIBH368;BUD;OCS;2020-12-19-1-12;2020-12-19-3-51;73
NTNVS339;BUD;DBB;2020-12-19-0-1;2020-12-19-3-51;17
ZRGZJ573;DBB;BUD;2020-12-19-12-2;2020-12-19-14-52;15
NYFNX841;BUD;DEL;2020-12-19-12-1;2020-12-19-14-18;17
GAHRY187;BOJ;BUD;2020-12-19-8-11;2020-12-19-13-4;120
YNRRH250;BUD;DBB;2020-12-19-14-48;2020-12-19-19-53;38
LUXOS550;BKV;BUD;2020-12-19-6-49;2020-12-19-10-28;105
THORS499;BUD;GFK;2020-12-19-1-41;2020-12-19-5-33;80
DIBNA034;BOJ;BUD;2020-12-19-10-39;2020-12-19-12-59;64
DFCLD371;ASD;BUD;2020-12-19-10-31;2020-12-19-15-17;52
ZFAWV161;ITO;BUD;2020-12-19-11-19;2020-12-19-16-30;19
SSNXB612;OCS;BUD;2020-12-19-4-46;2020-12-19-6-32;38
CXHSG214;DBB;BUD;2020-12-19-8-36;2020-12-19-13-10;41
ZIANP116;MAA;BUD;2020-12-19-0-58;2020-12-19-2-46;52
MOGPT838;BUD;MAA;2020-12-20-9-5;2020-12-20-14-14;20
IRGVJ377;BUD;BKV;2020-12-20-9-28;2020-12-20-12-4;47
RHAYK081;BUD;OCS;2020-12-20-8-7;2020-12-20-12-21;17
FWRLH314;BUD;BOJ;2020-12-20-4-22;2020-12-20-6-47;102
EHYNI794;BUD;ASD;2020-12-20-15-46;2020-12-20-20-22;52
QLAFG536;BUD;BKV;2020-12-20-18-12;2020-12-20-23-4;35
JGRTY444;BUD;ILO;2020-12-20-3-22;2020-12-20-6-59;25
DKEYV352;GFK;BUD;2020-12-20-18-2;2020-12-20-21-42;102
CYTLX298;MAA;BUD;2020-12-20-7-25;2020-12-20-11-25;72
SZNLA153;BUD;ASD;2020-12-20-13-41;2020-12-20-15-12;80
OJMFQ975;BUD;OCS;2020-12-20-18-58;2020-12-20-22-1;76
UITWM387;BUD;CRD;2020-12-20-7-17;2020-12-20-10-11;17
RECIE817;DRT;BUD;2020-12-20-17-50;2020-12-20-20-51;95
XUUQN235;BUD;OCS;2020-12-20-2-47;2020-12-20-4-43;59
OGLBN871;DEL;BUD;2020-12-20-4-38;2020-12-20-9-34;69
IFCBO185;BUD;ILO;2020-12-20-14-53;2020-12-20-19-6;53
XVLFA143;BKV;BUD;2020-12-20-0-37;2020-12-20-5-6;80
PLIAW434;BUD;ITO;2020-12-20-8-47;2020-12-20-12-30;36
IAKAC078;BOJ;BUD;2020-12-20-6-13;2020-12-20-10-28;4
XTJWE950;BKV;BUD;2020-12-20-8-30;2020-12-20-10-31;50
GCGPY532;CRD;BUD;2020-12-20-15-11;2020-12-20-17-9;30
MJKMU202;BUD;ITO;2020-12-21-12-17;2020-12-21-14-47;117
DCFKO144;DRT;BUD;2020-12-21-18-41;2020-12-21-22-14;19
IXQXD857;CRD;BUD;2020-12-21-9-18;2020-12-21-13-27;117
JZKZA085;BUD;DEL;2020-12-21-13-52;2020-12-21-15-48;87
BMCNU883;NTR;BUD;2020-12-21-10-9;2020-12-21-13-41;67
GZQLM596;BUD;GFK;2020-12-21-11-40;2020-12-21-16-10;13
KSBXB549;BUD;ITO;2020-12-21-7-59;2020-12-21-9-21;35
CESTR876;MAA;BUD;2020-12-21-1-58;2020-12-21-3-57;101
FSCVI951;BUD;OCS;2020-12-21-0-8;2020-12-21-4-46;17
FSOIN296;OCS;BUD;2020-12-21-6-8;2020-12-21-9-21;89
FWOWX753;BUD;BOJ;2020-12-21-6-9;2020-12-21-11-44;120
IQQQM635;NTR;BUD;2020-12-21-6-20;2020-12-21-10-37;5
PYHZG509;BKV;BUD;2020-12-21-9-14;2020-12-21-13-20;105
DWWJG605;ITO;BUD;2020-12-21-13-24;2020-12-21-16-14;56
OHHKD976;DEL;BUD;2020-12-21-3-6;2020-12-21-5-42;92
JGAJF791;DBB;BUD;2020-12-21-13-48;2020-12-21-18-17;83
UMNOR456;GFK;BUD;2020-12-21-6-29;2020-12-21-8-10;38
YOKDU195;DBB;BUD;2020-12-21-2-33;2020-12-21-4-45;84
DWWOB602;BUD;DRT;2020-12-21-10-18;2020-12-21-14-43;3
JQJWF236;BUD;ITO;2020-12-21-1-22;2020-12-21-5-47;13
QCFHI384;DRT;BUD;2020-12-21-14-5;2020-12-21-18-7;28
JINWB614;BUD;BOJ;2020-12-22-15-14;2020-12-22-18-37;50
TVSVZ890;ASD;BUD;2020-12-22-15-10;2020-12-22-18-32;29
HXYRM223;BKV;BUD;2020-12-22-11-16;2020-12-22-13-15;34
BQDOD972;BUD;DBB;2020-12-22-0-51;2020-12-22-4-52;3
SHJBK043;BUD;DBB;2020-12-22-15-1;2020-12-22-20-57;70
AUXED917;BUD;BOJ;2020-12-22-6-1;2020-12-22-11-44;117
MBPLB329;BUD;NTR;2020-12-22-2-6;2020-12-22-5-42;70
WREGA994;BKV;BUD;2020-12-22-10-36;2020-12-22-15-38;27
ALJZB470;NTR;BUD;2020-12-22-5-49;2020-12-22-10-2;54
VNMHO293;MAA;BUD;2020-12-22-14-15;2020-12-22-18-43;67
RPSHR171;ILO;BUD;2020-12-22-12-42;2020-12-22-16-59;113
IHSSS060;MAA;BUD;2020-12-22-2-27;2020-12-22-4-36;110
AJGLA362;BUD;NTR;2020-12-22-6-52;2020-12-22-11-28;109
FPGHZ973;ITO;BUD;2020-12-22-15-18;2020-12-22-19-7;103
ZNJWS259;BUD;BOJ;2020-12-22-17-0;2020-12-22-19-25;50
PCFGA573;NTR;BUD;2020-12-22-8-35;2020-12-22-13-49;104
DIFAV921;MAA;BUD;2020-12-22-12-33;2020-12-22-17-41;1
GRXBW923;BOJ;BUD;2020-12-22-0-13;2020-12-22-3-32;51
UFWLK812;BUD;ILO;2020-12-22-10-7;2020-12-22-14-58;43
AWFBY969;BOJ;BUD;2020-12-22-11-25;2020-12-22-15-8;89
ZXWAK421;BUD;BKV;2020-12-22-9-7;2020-12-22-14-14;6
MYWXT161;DRT;BUD;2020-12-23-0-47;2020-12-23-5-18;100
RYPMT970;ILO;BUD;2020-12-23-9-17;2020-12-23-14-58;16
OTEIU263;BUD;GFK;2020-12-23-18-8;2020-12-23-21-32;5
XPTIG179;BUD;GFK;2020-12-23-5-48;2020-12-23-8-52;37
SWEWQ188;BUD;DEL;2020-12-23-12-36;2020-12-23-15-24;92
YHYXY392;DEL;BUD;2020-12-23-17-27;2020-12-23-19-5;82
EHIAE364;BKV;BUD;2020-12-23-12-56;2020-12-23-15-49;13
GHOYQ451;BUD;ILO;2020-12-23-0-59;2020-12-23-3-52;89
IHHYN404;BUD;DEL;2020-12-23-9-49;2020-12-23-14-14;79
ETQFR091;DBB;BUD;2020-12-23-9-52;2020-12-23-12-52;101
ODLNU480;BUD;BOJ;2020-12-23-2-49;2020-12-23-7-1;35
DCSRI841;BUD;OCS;2020-12-23-6-55;2020-12-23-9-33;37
MVSOZ101;BUD;GFK;2020-12-23-8-28;2020-12-23-11-13;73
YAZXI080;BUD;DEL;2020-12-23-9-43;2020-12-23-12-4;72
QWCNR615;BUD;BOJ;2020-12-23-10-1;2020-12-23-14-13;70
RQSAT417;BUD;ILO;2020-12-23-12-44;2020-12-23-15-27;12
TZQUA723;GFK;BUD;2020-12-23-14-38;2020-12-23-17-23;98
ORXFE779;BUD;BOJ;2020-12-23-0-20;2020-12-23-5-56;78
JWJFM220;MAA;BUD;2020-12-23-8-25;2020-12-23-13-33;51
JCFGC715;BUD;CRD;2020-12-23-11-25;2020-12-23-16-23;105
NEQHM583;BUD;GFK;2020-12-23-3-47;2020-12-23-7-29;3
NIUDC197;BUD;DRT;2020-12-24-0-6;2020-12-24-2-59;120
XJIMA196;BUD;BKV;2020-12-24-10-25;2020-12-24-15-58;53
CZJND297;BKV;BUD;2020-12-24-18-55;2020-12-24-22-38;69
ABPRZ250;DBB;BUD;2020-12-24-2-39;2020-12-24-7-0;37
VWCXQ270;BUD;BOJ;2020-12-24-14-45;2020-12-24-16-44;48
KKHZF070;NTR;BUD;2020-12-24-18-40;2020-12-24-23-23;17
ICJDJ218;GFK;BUD;2020-12-24-10-18;2020-12-24-14-44;12
JZQRW497;BUD;BOJ;2020-12-24-17-54;2020-12-24-21-25;0
JRNND272;DBB;BUD;2020-12-24-7-20;2020-12-24-10-21;80
MUTRM847;MAA;BUD;2020-12-24-12-8;2020-12-24-16-22;13
CDIRM681;BOJ;BUD;2020-12-24-18-40;2020-12-24-22-31;32
QPULI508;BUD;CRD;2020-12-24-8-21;2020-12-24-12-5;42
NOBFT173;BUD;DBB;2020-12-24-16-29;2020-12-24-21-44;8
OSQGP553;OCS;BUD;2020-12-24-12-5;2020-12-24-16-57;70
FNBGK778;DEL;BUD;2020-12-24-9-23;2020-12-24-14-46;104
SGLJD601;NTR;BUD;2020-12-24-15-31;2020-12-24-18-15;33
LKSNE689;BUD;OCS;2020-12-24-11-6;2020-12-24-16-25;88
OVQCG013;BUD;OCS;2020-12-24-9-12;2020-12-24-12-31;28
INTMZ986;DRT;BUD;2020-12-24-5-57;2020-12-24-7-46;35
YQCHV293;DEL;BUD;2020-12-24-0-35;2020-12-24-3-49;62
IWPMK765;DBB;BUD;2020-12-24-1-15;2020-12-24-6-47;73
OAGFZ748;ITO;BUD;2020-12-25-14-26;2020-12-25-17-50;99
XBCQW958;ILO;BUD;2020-12-25-2-23;2020-12-25-7-40;100
WLQWW640;BOJ;BUD;2020-12-25-11-40;2020-12-25-15-19;3
RFNYH533;DEL;BUD;2020-12-25-9-5;2020-12-25-12-46;84
FVEQP787;DRT;BUD;2020-12-25-17-48;2020-12-25-19-11;90
QQGSD424;ASD;BUD;2020-12-25-18-56;2020-12-25-21-13;8
LEKMQ961;BUD;ASD;2020-12-25-15-29;2020-12-25-18-57;71
VWWQD990;OCS;BUD;2020-12-25-17-6;2020-12-25-21-6;53
VUUWS520;BKV;BUD;2020-12-25-5-35;2020-12-25-10-41;73
TXTGF689;DBB;BUD;2020-12-25-14-49;2020-12-25-18-58;57
KNKVK206;MAA;BUD;2020-12-25-3-4;2020-12-25-6-47;15
YNJZT297;DBB;BUD;2020-12-25-11-48;2020-12-25-13-51;5
PSPYD641;NTR;BUD;2020-12-25-15-3;2020-12-25-18-13;118
BAIZL087;CRD;BUD;2020-12-25-15-39;2020-12-25-17-9;95
EANDK356;ASD;BUD;2020-12-25-10-7;2020-12-25-13-13;86
TTDRN255;NTR;BUD;2020-12-25-12-2;2020-12-25-14-52;83
XEZAM943;BUD;ASD;2020-12-25-1-21;2020-12-25-6-1;88
EMNNF758;BUD;MAA;2020-12-25-14-34;2020-12-25-18-44;106
NFGQQ201;BUD;OCS;2020-12-25-10-10;2020-12-25-12-11;99
NZHME789;BUD;MAA;2020-12-25-7-40;2020-12-25-12-40;3
GPLJY872;BUD;DEL;2020-12-25-17-54;2020-12-25-22-5;65
LYEFU464;CRD;BUD;2020-12-26-4-29;2020-12-26-8-11;6
GKULC763;BUD;BKV;2020-12-26-2-21;2020-12-26-6-5;19
GLERP347;DBB;BUD;2020-12-26-16-54;2020-12-26-21-18;44
RMLBT095;BUD;OCS;2020-12-26-4-34;2020-12-26-8-28;2
EBYKR160;MAA;BUD;2020-12-26-4-7;2020-12-26-7-34;94
SWZWB898;BUD;GFK;2020-12-26-14-51;2020-12-26-19-20;98
HFVWC516;BUD;NTR;2020-12-26-3-18;2020-12-26-7-47;31
WCRPN926;CRD;BUD;2020-12-26-2-25;2020-12-26-4-16;51
JSVEH140;BUD;NTR;2020-12-26-8-12;2020-12-26-11-32;17
UJBAX378;DEL;BUD;2020-12-26-5-16;2020-12-26-7-46;38
WLIEE566;BUD;ILO;2020-12-26-12-40;2020-12-26-15-40;58
KQGVB212;BUD;ASD;2020-12-26-18-15;2020-12-26-22-8;29
VFMLX815;MAA;BUD;2020-12-26-9-51;2020-12-26-11-19;40
YGUWJ301;DBB;BUD;2020-12-26-4-15;2020-12-26-9-6;39
PNPWB358;BUD;ASD;2020-12-26-14-43;2020-12-26-18-49;64
RYBBO752;DBB;BUD;2020-12-26-3-17;2020-12-26-5-6;50
IJJII627;BUD;BKV;2020-12-26-13-40;2020-12-26-16-46;24
GQEDU164;DBB;BUD;2020-12-26-14-8;2020-12-26-19-39;20
XTDFD007;MAA;BUD;2020-12-26-10-25;2020-12-26-13-47;45
FCISK777;BUD;DBB;2020-12-26-9-12;2020-12-26-14-52;46
ZKIMX065;BUD;OCS;2020-12-26-5-40;2020-12-26-8-43;97
JKKZF629;DBB;BUD;2020-12-27-2-57;2020-12-27-5-20;46
YCVDK591;ITO;BUD;2020-12-27-14-4;2020-12-27-16-15;0
WBMAN452;BUD;DEL;2020-12-27-1-44;2020-12-27-6-7;13
VYTFR386;BUD;CRD;2020-12-27-3-42;2020-12-27-7-49;32
HFJPJ426;BUD;ILO;2020-12-27-13-29;2020-12-27-16-39;106
JRFUI498;DEL;BUD;2020-12-27-5-58;2020-12-27-8-22;64
MAFAF804;OCS;BUD;2020-12-27-13-40;2020-12-27-15-5;6
FUNWD086;BKV;BUD;2020-12-27-12-44;2020-12-27-15-14;103
GSPBD746;BUD;ITO;2020-12-27-3-5;2020-12-27-7-37;24
BWUVQ627;CRD;BUD;2020-12-27-5-19;2020-12-27-7-36;110
YSMAK587;ASD;BUD;2020-12-27-5-51;2020-12-27-8-35;9
SMHAV616;ITO;BUD;2020-12-27-7-8;2020-12-27-11-11;41
KIUNQ857;BUD;ASD;2020-12-27-6-7;2020-12-27-10-39;113
XPRPC617;MAA;BUD;2020-12-27-14-57;2020-12-27-17-22;54
CBUPK443;BOJ;BUD;2020-12-27-4-10;2020-12-27-9-34;40
RPSOM222;BUD;ITO;2020-12-27-13-35;2020-12-27-18-41;96
GOIVU694;OCS;BUD;2020-12-27-4-20;2020-12-27-6-24;26
KNYXU236;BKV;BUD;2020-12-27-6-3;2020-12-27-10-10;8
UWCAS540;MAA;BUD;2020-12-27-6-23;2020-12-27-10-55;56
FKGOW812;BUD;DBB;2020-12-27-2-13;2020-12-27-6-51;49
ZAYZM979;BUD;GFK;2020-12-27-9-9;2020-12-27-11-29;67
WOLBJ814;BUD;GFK;2020-12-28-0-11;2020-12-28-5-31;119
WRFGI174;BUD;GFK;2020-12-28-17-59;2020-12-28-22-28;19
MGROC229;GFK;BUD;2020-12-28-0-12;2020-12-28-5-59;51
SVJBN920;BUD;ITO;2020-12-28-0-58;2020-12-28-2-15;31
VCSGV625;DEL;BUD;2020-12-28-3-2;2020-12-28-8-30;113
LODOP627;BUD;GFK;2020-12-28-4-18;2020-12-28-9-45;9
UZZJJ640;BUD;CRD;2020-12-28-6-25;2020-12-28-10-26;23
TKELO888;DRT;BUD;2020-12-28-11-3;2020-12-28-13-13;101
PKVLM056;BUD;BOJ;2020-12-28-7-57;2020-12-28-11-17;11
QDNIW341;DBB;BUD;2020-12-28-15-1;2020-12-28-19-10;40
EWUQK943;BUD;NTR;2020-12-28-8-14;2020-12-28-12-12;111
AAHEP993;BOJ;BUD;2020-12-28-17-59;2020-12-28-19-17;20
RXSOU758;BUD;GFK;2020-12-28-7-51;2020-12-28-11-9;20
IRMUQ839;BUD;ASD;2020-12-28-5-58;2020-12-28-7-3;96
RUITW851;BUD;BOJ;2020-12-28-5-2;2020-12-28-9-30;46
EJUTG788;NTR;BUD;2020-12-28-0-28;2020-12-28-4-38;109
OEIAL745;BUD;OCS;2020-12-28-3-29;2020-12-28-6-39;18
CHOES114;MAA;BUD;2020-12-28-13-13;2020-12-28-18-22;11
FYREM693;ILO;BUD;2020-12-28-6-39;2020-12-28-10-2;47
RIGPD446;DEL;BUD;2020-12-28-5-58;2020-12-28-7-56;23
TPAHU059;NTR;BUD;2020-12-28-0-16;2020-12-28-5-30;39
JOGET459;BUD;DEL;2020-12-29-8-51;2020-12-29-12-33;109
DYIZA087;GFK;BUD;2020-12-29-16-11;2020-12-29-20-9;90
NYTDW375;BOJ;BUD;2020-12-29-0-55;2020-12-29-5-44;116
WHCAJ544;BUD;BKV;2020-12-29-14-34;2020-12-29-19-26;75
CFLOQ911;BOJ;BUD;2020-12-29-2-5;2020-12-29-4-24;59
HQDWU618;BKV;BUD;2020-12-29-2-24;2020-12-29-4-15;42
DOHRU973;BUD;BKV;2020-12-29-4-14;2020-12-29-6-40;22
AVQDG770;BUD;ASD;2020-12-29-4-35;2020-12-29-7-44;84
TTWXS740;DEL;BUD;2020-12-29-10-43;2020-12-29-13-26;112
OVMPS105;ITO;BUD;2020-12-29-0-52;2020-12-29-4-44;101
PIDRI899;DBB;BUD;2020-12-29-3-20;2020-12-29-7-48;95
FLPQL037;DEL;BUD;2020-12-29-5-52;2020-12-29-7-29;93
JCXJB607;ASD;BUD;2020-12-29-3-27;2020-12-29-5-9;101
WQNVV551;BUD;CRD;2020-12-29-15-55;2020-12-29-18-59;3
AQJYB768;BUD;ITO;2020-12-29-12-20;2020-12-29-15-37;100
OYYRF865;DBB;BUD;2020-12-29-15-45;2020-12-29-19-23;102
XEOCI210;NTR;BUD;2020-12-29-10-29;2020-12-29-15-58;29
RUNPE929;BUD;BKV;2020-12-29-7-54;2020-12-29-9-52;51
VRCYW351;DRT;BUD;2020-12-29-4-12;2020-12-29-7-59;34
QMKSB477;NTR;BUD;2020-12-29-10-11;2020-12-29-15-33;89
FXMMO917;MAA;BUD;2020-12-29-8-2;2020-12-29-12-30;102
UDBLM168;BUD;DRT;2020-12-30-3-36;2020-12-30-7-52;112
KKABQ564;DBB;BUD;2020-12-30-1-52;2020-12-30-4-35;42
IIMME841;ILO;BUD;2020-12-30-8-9;2020-12-30-11-6;116
VDAGL319;DRT;BUD;2020-12-30-9-30;2020-12-30-14-2;5
ZGVIN279;ITO;BUD;2020-12-30-11-59;2020-12-30-15-29;97
QWTHI985;DEL;BUD;2020-12-30-0-4;2020-12-30-5-39;67
AKMYM713;ILO;BUD;2020-12-30-18-36;2020-12-30-21-26;33
GTHOJ107;ITO;BUD;2020-12-30-0-9;2020-12-30-2-48;99
NJLPH910;ITO;BUD;2020-12-30-11-41;2020-12-30-14-56;13
JOGOS822;ILO;BUD;2020-12-30-4-58;2020-12-30-6-36;43
OOKSB854;BUD;DBB;2020-12-30-16-55;2020-12-30-18-37;31
FDYZT796;NTR;BUD;2020-12-30-9-10;2020-12-30-12-25;89
WSLUG099;DEL;BUD;2020-12-30-12-24;2020-12-30-14-28;12
ZRGYU584;BUD;ASD;2020-12-30-12-40;2020-12-30-17-18;98
QLJYY311;BUD;DBB;2020-12-30-1-25;2020-12-30-4-59;78
YLIAR385;MAA;BUD;2020-12-30-3-38;2020-12-30-6-44;104
EHQHG614;BOJ;BUD;2020-12-30-6-51;2020-12-30-11-6;69
NILPB907;CRD;BUD;2020-12-30-10-9;2020-12-30-14-44;38
BTDZI167;BUD;DBB;2020-12-30-4-30;2020-12-30-9-57;21
NRZXT354;BOJ;BUD;2020-12-30-17-12;2020-12-30-19-40;26
YCVQK978;BUD;BOJ;2020-12-30-11-33;2020-12-30-13-57;71
